PostContent,PostImg
" ☀ ☀ ☀ #francja #oferta Monter elementów wykończeniowych (CTS/10/20) ☀ ☀ ☀ Sprawdź pełną ofertę zatrudnienia na portalu: https://oferty-pracy.work/o/francja/monter-elementow-wykonczeniowych-cts-10-20-525980?utm_source=PG-EU-01&utm_medium=post&utm_campaign=fejs",https://c2.staticflickr.com/3/2013/2492153321_b6076eaf4a_b.jpg
" ➡ ➡ ➡ #ofertypracy #belgia OPERATOR DŹWIGU / ŻURAWIA (Z UPRAWNIENIAMI C/CE) ➡ ➡ ➡ Zobacz pełną ofertę na portalu: https://oferty-pracy.work/o/belgia/operator-dzwigu-zurawia-z-uprawnieniami-c-ce-528485?utm_source=PG-EU-01&utm_medium=post&utm_campaign=fejs",https://c1.staticflickr.com/7/6196/6032700928_14dd9f65ee_b.jpg
" ➡ ➡ ➡ #praca #niemcy Elektryk (praca przy kamperach) – Niemcy ➡ ➡ ➡ Sprawdź całość oferty na portalu: https://oferty-pracy.work/o/niemcy/elektryk-praca-przy-kamperach-niemcy-525871?utm_source=PG-EU-01&utm_medium=post&utm_campaign=fejs",https://c2.staticflickr.com/4/3874/14798621115_c161edb240_z.jpg
" ➡ ➡ ➡ #ofertypracy #holandia Pracownik produkcji rowerów(Holandia) ➡ ➡ ➡ Zobacz całą ofertę pracy na witrynie: https://oferty-pracy.work/o/holandia/pracownik-produkcji-rowerowholandia-515702?utm_source=PG-EU-01&utm_medium=post&utm_campaign=fejs",https://c2.staticflickr.com/6/5746/20540478542_91911b7a5a_b.jpg
" ☀ ☀ ☀ #belgia #praca Monter wentylacji (LTW/10/20) ☀ ☀ ☀ Zobacz całą ofertę na portalu: https://oferty-pracy.work/o/belgia/monter-wentylacji-ltw-10-20-4-527144?utm_source=PG-EU-01&utm_medium=post&utm_campaign=fejs",https://c1.staticflickr.com/7/6010/6207700090_2fd8438f41_b.jpg
" ✉ ✉ ✉ #ofertypracy #holandia Praca przy produkcji frytek w Hedel NOWA Hedel ✉ ✉ ✉ Zobacz całość oferty na: https://oferty-pracy.work/o/holandia/praca-przy-produkcji-frytek-w-hedel-nowa-hedel-527567?utm_source=PG-EU-01&utm_medium=post&utm_campaign=fejs",https://c1.staticflickr.com/3/2724/5716397597_8057dca8af_b.jpg
" ✋ ✋ ✋ #francja #praca Operator frezarki CNC Lille ✋ ✋ ✋ Zobacz całą ofertę zatrudnienia na witrynie: https://oferty-pracy.work/o/francja/operator-frezarki-cnc-lille-527561?utm_source=PG-EU-01&utm_medium=post&utm_campaign=fejs",https://c3.staticflickr.com/3/2671/4118489114_34e520dddb_b.jpg
" ❓ ❓ ❓ #ofertypracy #niemcy DHL: pracownicy fizyczni do rozładunku/załadunku paczek Bad Hersfeld ❓ ❓ ❓ Zobacz całość oferty pracy na stronie: https://oferty-pracy.work/o/niemcy/dhl-pracownicy-fizyczni-do-rozladunku-zaladunku-paczek-bad-hersfeld-528135?utm_source=PG-EU-01&utm_medium=post&utm_campaign=fejs",https://c2.staticflickr.com/8/7331/11856244046_6d777894bd_z.jpg
" O:) O:) O:) #praca #holandia Komisjoner/kompletacja zamówień O:) O:) O:) Sprawdź całą ofertę zatrudnienia na witrynie: https://oferty-pracy.work/o/holandia/komisjoner-kompletacja-zamowien-4-523009?utm_source=PG-EU-01&utm_medium=post&utm_campaign=fejs",https://c2.staticflickr.com/8/7090/14003233612_84f655c051_b.jpg
" ☀ ☀ ☀ #niemcy #praca PAKOWACZ ☀ ☀ ☀ Zobacz pełną ofertę na: https://oferty-pracy.work/o/niemcy/pakowacz-16-527884?utm_source=PG-EU-01&utm_medium=post&utm_campaign=fejs",http://c1.staticflickr.com/1/203/515875246_f3d838a727_z.jpg
" ☀ ☀ ☀ #praca #norwegia Elektrikere til onshore prosjekter. Porsgrunn ☀ ☀ ☀ Zobacz całość oferty pracy na portalu: https://oferty-pracy.work/o/norwegia/elektrikere-til-onshore-prosjekter-porsgrunn-3-527953?utm_source=PG-EU-01&utm_medium=post&utm_campaign=fejs",https://c4.staticflickr.com/6/5703/20358607923_8d9ffdb4e0_h.jpg
" ⚠ ⚠ ⚠ #ofertypracy #wielkabrytania Solutions Architects ⚠ ⚠ ⚠ Zobacz całą ofertę zatrudnienia na witrynie: https://oferty-pracy.work/o/wielka-brytania/solutions-architects-526973?utm_source=PG-EU-01&utm_medium=post&utm_campaign=fejs",https://c7.staticflickr.com/9/8522/8672040494_9181fd9a50_b.jpg
" ⤴ ⤴ ⤴ #francja #ofertypracy Pomocnik dekarza Metz ⤴ ⤴ ⤴ Przeczytaj całość oferty na: https://oferty-pracy.work/o/francja/pomocnik-dekarza-metz-529839?utm_source=PG-EU-01&utm_medium=post&utm_campaign=fejs",https://c2.staticflickr.com/9/8191/8110290185_175b3516c0_b.jpg
" ✈ ✈ ✈ #praca #niemcy FACHOWCY BEZ I ZE ZNAJOMOŚCIĄ JĘZYKA NIEMIECKIEGO ✈ ✈ ✈ Przeczytaj całość oferty zatrudnienia na stronie: https://oferty-pracy.work/o/niemcy/fachowcy-bez-i-ze-znajomoscia-jezyka-niemieckiego-4-527946?utm_source=PG-EU-01&utm_medium=post&utm_campaign=fejs",https://c2.staticflickr.com/2/1276/638513554_dc3742d5c5_z.jpg
" ✈ ✈ ✈ #wielkabrytania #ofertapracy Office administrator ✈ ✈ ✈ Zobacz całość oferty pracy na portalu: https://oferty-pracy.work/o/wielka-brytania/office-administrator-5-528019?utm_source=PG-EU-01&utm_medium=post&utm_campaign=fejs",https://c1.staticflickr.com/9/8152/7377899512_0b6a5e5585_h.jpg
" ✉ ✉ ✉ #ofertypracy #niemcy Operator wózka widłowego czołowego (Niemcy) ✉ ✉ ✉ Przeczytaj całą ofertę na witrynie: https://oferty-pracy.work/o/niemcy/operator-wozka-widlowego-czolowego-niemcy-506604?utm_source=PG-EU-01&utm_medium=post&utm_campaign=fejs",https://c2.staticflickr.com/4/3899/14511514218_7cb9f05e66_z.jpg
" ☀ ☀ ☀ #ofertapracy #francja Pracownik do demontażu łodzi podwodnych - stabilna praca we Francji Bretagne ☀ ☀ ☀ Przeczytaj całą ofertę pracy na portalu: https://oferty-pracy.work/o/francja/pracownik-do-demontazu-lodzi-podwodnych-stabilna-praca-we-francji-bretagne-528915?utm_source=PG-EU-01&utm_medium=post&utm_campaign=fejs",https://c5.staticflickr.com/6/5086/5238557764_f2f9987833_b.jpg
" ☀ ☀ ☀ #wielkabrytania #ofertapracy Shop Manager Alderney / Channel Island ☀ ☀ ☀ Zobacz całą ofertę pracy na stronie: https://oferty-pracy.work/o/wielka-brytania/shop-manager-alderney-channel-island-526894?utm_source=PG-EU-01&utm_medium=post&utm_campaign=fejs",https://c2.staticflickr.com/4/3940/15705649361_22af17d509_h.jpg
" ✈ ✈ ✈ #oferta #francja Pracownik produkcji wędlin Loyettes ✈ ✈ ✈ Sprawdź całą ofertę zatrudnienia na stronie: https://oferty-pracy.work/o/francja/pracownik-produkcji-wedlin-loyettes-528139?utm_source=PG-EU-01&utm_medium=post&utm_campaign=fejs",https://c6.staticflickr.com/6/5590/15109324165_dda17ca6d6_b.jpg
" ;) ;) ;) #ofertapracy #belgia Kierowca CE – Belgia (do 3300€ netto / miesiąc) ;) ;) ;) Sprawdź całość oferty zatrudnienia na portalu: https://oferty-pracy.work/o/belgia/kierowca-ce-belgia-do-3300e-netto-miesiac-526177?utm_source=PG-EU-01&utm_medium=post&utm_campaign=fejs",https://c1.staticflickr.com/7/6010/6207700090_2fd8438f41_b.jpg
" ☀ ☀ ☀ #praca #niemcy PRACOWNIK MAGAZYNU Z ART. SPOŻYWCZYMI BEZ ZNAJOMOŚCI JĘZYKA NIEMIECKIEGO ☀ ☀ ☀ Sprawdź całość oferty zatrudnienia na stronie: https://oferty-pracy.work/o/niemcy/pracownik-magazynu-z-art-spozywczymi-bez-znajomosci-jezyka-niemieckiego-528629?utm_source=PG-EU-01&utm_medium=post&utm_campaign=fejs",https://c2.staticflickr.com/2/1276/638513554_dc3742d5c5_z.jpg
" ❗ ❗ ❗ #oferta #belgia Cieśla szalunkowy ❗ ❗ ❗ Przeczytaj całą ofertę pracy na stronie: https://oferty-pracy.work/o/belgia/ciesla-szalunkowy-528634?utm_source=PG-EU-01&utm_medium=post&utm_campaign=fejs",https://c1.staticflickr.com/7/6010/6207700090_2fd8438f41_b.jpg
" ⭐ ⭐ ⭐ #oferta #wielkabrytania Night Nurse ⭐ ⭐ ⭐ Sprawdź całość oferty pracy na witrynie: https://oferty-pracy.work/o/wielka-brytania/night-nurse-2-527472?utm_source=PG-EU-01&utm_medium=post&utm_campaign=fejs",https://c1.staticflickr.com/9/8152/7377899512_0b6a5e5585_h.jpg
" ↗ ↗ ↗ #holandia #oferta PRACA PRODUKCJA ROWERÓW GIANT :) start 09-11, jesteś w NL zadzwoń? ↗ ↗ ↗ Sprawdź całą ofertę zatrudnienia na: https://oferty-pracy.work/o/holandia/praca-produkcja-rowerow-giant-start-09-11-jestes-w-nl-zadzwon-528008?utm_source=PG-EU-01&utm_medium=post&utm_campaign=fejs",https://c1.staticflickr.com/5/4013/4297675082_23c0639445_b.jpg
" ☀ ☀ ☀ #ofertapracy #belgia Instalator bram ☀ ☀ ☀ Sprawdź całość oferty zatrudnienia na witrynie: https://oferty-pracy.work/o/belgia/instalator-bram-4-526424?utm_source=PG-EU-01&utm_medium=post&utm_campaign=fejs",https://c1.staticflickr.com/3/2434/3773629074_fe01cc2651_b.jpg
" ⤴ ⤴ ⤴ #ofertapracy #norwegia Wykrawacz Wołowiny Stavanger ⤴ ⤴ ⤴ Zobacz całą ofertę pracy na stronie: https://oferty-pracy.work/o/norwegia/wykrawacz-wolowiny-stavanger-8-526517?utm_source=PG-EU-01&utm_medium=post&utm_campaign=fejs",https://c2.staticflickr.com/4/3827/10625014145_ee2701c544_h.jpg
" ⤴ ⤴ ⤴ #ofertapracy #norwegia Specjalista ds. zmian lokatorskich ⤴ ⤴ ⤴ Sprawdź pełną ofertę zatrudnienia na portalu: https://oferty-pracy.work/o/norwegia/specjalista-ds-zmian-lokatorskich-a-2-526513?utm_source=PG-EU-01&utm_medium=post&utm_campaign=fejs",https://c4.staticflickr.com/4/3646/3538481443_d185f19678_b.jpg
" ⤵ ⤵ ⤵ #niemcy #ofertapracy SAMOTNA STARSZA PANI DO OPIEKI W KARLSRUHE! PREMIA ŚWIĄTECZNA! ⤵ ⤵ ⤵ Przeczytaj całość oferty na witrynie: https://oferty-pracy.work/o/niemcy/samotna-starsza-pani-do-opieki-w-karlsruhe-premia-swiateczna-527655?utm_source=PG-EU-01&utm_medium=post&utm_campaign=fejs",http://c1.staticflickr.com/1/203/515875246_f3d838a727_z.jpg
" ↘ ↘ ↘ #ofertypracy #wielkabrytania C# Developer-Financial client ↘ ↘ ↘ Przeczytaj całość oferty na witrynie: https://oferty-pracy.work/o/wielka-brytania/c-developer-financial-client-528025?utm_source=PG-EU-01&utm_medium=post&utm_campaign=fejs",https://c2.staticflickr.com/8/7389/11287896505_431209fa43_h.jpg
" ⚠ ⚠ ⚠ #niemcy #ofertapracy Elektryk (praca przy kamperach) – Niemcy ⚠ ⚠ ⚠ Zobacz całość oferty na: https://oferty-pracy.work/o/niemcy/elektryk-praca-przy-kamperach-niemcy-2-526156?utm_source=PG-EU-01&utm_medium=post&utm_campaign=fejs",https://c1.staticflickr.com/3/2302/4510298417_2fa95bd6d0_z.jpg
" ;) ;) ;) #ofertypracy #holandia Praca dla par/ rodzeństwa/ koleżeństwa/ znajomych - magazyn- bez języka ;) ;) ;) Zobacz całość oferty zatrudnienia na stronie: https://oferty-pracy.work/o/holandia/praca-dla-par-rodzenstwa-kolezenstwa-znajomych-magazyn-bez-jezyka-527737?utm_source=PG-EU-01&utm_medium=post&utm_campaign=fejs",https://c1.staticflickr.com/1/199/467328078_8f6516e48a_z.jpg?zz=1
" ⤵ ⤵ ⤵ #belgia #ofertapracy Programista/Operator frezerki CNC (FB/11/20) ⤵ ⤵ ⤵ Przeczytaj pełną ofertę pracy na portalu: https://oferty-pracy.work/o/belgia/programista-operator-frezerki-cnc-fb-11-20-3-527128?utm_source=PG-EU-01&utm_medium=post&utm_campaign=fejs",https://c1.staticflickr.com/5/4149/4998506878_9bbd3bdbf3_b.jpg
" ⚠ ⚠ ⚠ #norwegia #praca Ventilasjonsmontør Trondheim ⚠ ⚠ ⚠ Zobacz całą ofertę na witrynie: https://oferty-pracy.work/o/norwegia/ventilasjonsmontor-trondheim-12-526511?utm_source=PG-EU-01&utm_medium=post&utm_campaign=fejs",https://c5.staticflickr.com/8/7081/7388006916_5346fc4a0d_h.jpg
" ↗ ↗ ↗ #ofertypracy #niemcy REGIPSIARZ - OPŁACONE ZAKWATEROWANIE ↗ ↗ ↗ Przeczytaj całą ofertę na: https://oferty-pracy.work/o/niemcy/regipsiarz-oplacone-zakwaterowanie-528376?utm_source=PG-EU-01&utm_medium=post&utm_campaign=fejs",http://c1.staticflickr.com/1/150/378563092_91108c4a1d_z.jpg
" ⚡ ⚡ ⚡ #francja #praca Rzeźnik - praca we Francji ⚡ ⚡ ⚡ Sprawdź całość oferty na portalu: https://oferty-pracy.work/o/francja/rzeznik-praca-we-francji-498653?utm_source=PG-EU-01&utm_medium=post&utm_campaign=fejs",https://c3.staticflickr.com/9/8602/16006364794_c002700129_b.jpg
" ⤴ ⤴ ⤴ #praca #norwegia Ubojowiec Ubój Wołowy Stavanger ⤴ ⤴ ⤴ Sprawdź całość oferty na portalu: https://oferty-pracy.work/o/norwegia/ubojowiec-uboj-wolowy-stavanger-8-526515?utm_source=PG-EU-01&utm_medium=post&utm_campaign=fejs",https://c2.staticflickr.com/1/656/20331310793_82beb25425_h.jpg
" ↘ ↘ ↘ #praca #holandia PAKOWANIE SADZONEK TRUSKAWEK W HOLANDII (M/K) ↘ ↘ ↘ Przeczytaj całość oferty na portalu: https://oferty-pracy.work/o/holandia/pakowanie-sadzonek-truskawek-w-holandii-m-k-528015?utm_source=PG-EU-01&utm_medium=post&utm_campaign=fejs",https://c1.staticflickr.com/5/4128/5086325483_026545690c_b.jpg
" O:) O:) O:) #belgia #ofertypracy Mechanik samochodowy + kurs norweskiego i norweski czeladnik Oslo O:) O:) O:) Przeczytaj całość oferty zatrudnienia na: https://oferty-pracy.work/o/belgia/mechanik-samochodowy-kurs-norweskiego-i-norweski-czeladnik-oslo-3-527694?utm_source=PG-EU-01&utm_medium=post&utm_campaign=fejs",https://c1.staticflickr.com/5/4107/5089064949_21662c437f_b.jpg
" :D :D :D #holandia #ofertypracy Spawacz TIG Amsterdam :D :D :D Sprawdź pełną ofertę zatrudnienia na witrynie: https://oferty-pracy.work/o/holandia/spawacz-tig-amsterdam-528145?utm_source=PG-EU-01&utm_medium=post&utm_campaign=fejs",https://c2.staticflickr.com/8/7090/14003233612_84f655c051_b.jpg
" ✉ ✉ ✉ #ofertapracy #norwegia Technik wind Kyrksæterøra ✉ ✉ ✉ Sprawdź całą ofertę zatrudnienia na witrynie: https://oferty-pracy.work/o/norwegia/technik-wind-kyrksaeterora-528782?utm_source=PG-EU-01&utm_medium=post&utm_campaign=fejs",https://c1.staticflickr.com/6/5597/15377071480_f98aaa920b_h.jpg
" 3:) 3:) 3:) #belgia #oferta Pracownik naziemny/ serwisant 3:) 3:) 3:) Sprawdź pełną ofertę zatrudnienia na stronie: https://oferty-pracy.work/o/belgia/pracownik-naziemny-serwisant-528626?utm_source=PG-EU-01&utm_medium=post&utm_campaign=fejs",https://c1.staticflickr.com/7/6010/6207700090_2fd8438f41_b.jpg
" ⚠ ⚠ ⚠ #oferta #niemcy PRACOWNIK REMONTOWY (WYKOŃCZENIÓWKA) ⚠ ⚠ ⚠ Sprawdź pełną ofertę na witrynie: https://oferty-pracy.work/o/niemcy/pracownik-remontowy-wykonczeniowka-528714?utm_source=PG-EU-01&utm_medium=post&utm_campaign=fejs",https://c2.staticflickr.com/4/3705/13242020765_cb60cb21ba_z.jpg
" ❓ ❓ ❓ #praca #wielkabrytania HGV Class 2 Drivers ❓ ❓ ❓ Sprawdź całą ofertę na witrynie: https://oferty-pracy.work/o/wielka-brytania/hgv-class-2-drivers-527477?utm_source=PG-EU-01&utm_medium=post&utm_campaign=fejs",https://c2.staticflickr.com/3/2511/3902764265_05408a72ca_b.jpg
" ⭐ ⭐ ⭐ #norwegia #ofertapracy Malarz przemysłowy ⭐ ⭐ ⭐ Zobacz pełną ofertę na: https://oferty-pracy.work/o/norwegia/malarz-przemyslowy-2-528785?utm_source=PG-EU-01&utm_medium=post&utm_campaign=fejs",https://c8.staticflickr.com/2/1660/23404843863_1877ce24b0_h.jpg
" ↗ ↗ ↗ #holandia #ofertapracy Pracownik produkcji - praca pod Amsterdamem, NL! BONUS ↗ ↗ ↗ Przeczytaj całą ofertę na: https://oferty-pracy.work/o/holandia/pracownik-produkcji-praca-pod-amsterdamem-nl-bonus-526206?utm_source=PG-EU-01&utm_medium=post&utm_campaign=fejs",https://c2.staticflickr.com/4/3860/14212617880_a10d8acfcd_b.jpg
" 3:) 3:) 3:) #francja #praca Pracownik Gospodarstwa Lille 3:) 3:) 3:) Przeczytaj pełną ofertę pracy na portalu: https://oferty-pracy.work/o/francja/pracownik-gospodarstwa-lille-3-525660?utm_source=PG-EU-01&utm_medium=post&utm_campaign=fejs",https://c1.staticflickr.com/4/3112/2506655768_51def51140_b.jpg
" :D :D :D #praca #holandia PAKOWANIE GOTOWYCH PRODUKTÓW MIĘSNYCH 10.41€ BEST | BEZ ZNAJOMOŚCI JĘZYKA :D :D :D Zobacz całą ofertę pracy na stronie: https://oferty-pracy.work/o/holandia/pakowanie-gotowych-produktow-miesnych-10-41e-best-bez-znajomosci-jezyka-2-527738?utm_source=PG-EU-01&utm_medium=post&utm_campaign=fejs",https://c2.staticflickr.com/4/3644/3449046851_b4b3bda8e8_b.jpg
" ↗ ↗ ↗ #holandia #ofertapracy Pracownik techniczny - Emmeloord ↗ ↗ ↗ Zobacz całą ofertę na stronie: https://oferty-pracy.work/o/holandia/pracownik-techniczny-emmeloord-527730?utm_source=PG-EU-01&utm_medium=post&utm_campaign=fejs",https://c2.staticflickr.com/4/3837/14906803260_0f7d92aeda_h.jpg
" ☀ ☀ ☀ #wielkabrytania #oferta Quant Developer - Macro Hedge Fund/Buy Side - (Python/C++) ☀ ☀ ☀ Zobacz całą ofertę na stronie: https://oferty-pracy.work/o/wielka-brytania/quant-developer-macro-hedge-fund-buy-side-python-c-528023?utm_source=PG-EU-01&utm_medium=post&utm_campaign=fejs",https://c8.staticflickr.com/9/8403/8706453607_a57759673e_h.jpg
