" 3:) 3:) 3:) #ofertypracy #francja Pomocnik dekarza Metz 3:) 3:) 3:) Zobacz całą ofertę zatrudnienia na: https://oferty-pracy.work/o/francja/pomocnik-dekarza-metz-529839?utm_source=GR-EU-012&utm_medium=post&utm_campaign=fejs",https://c2.staticflickr.com/9/8364/8312077657_a76897b09a_b.jpg
" ⭐ ⭐ ⭐ #francja #ofertapracy Cieśla szalunkowy/ Murarz (elektrownie wiatrowe) ⭐ ⭐ ⭐ Przeczytaj pełną ofertę zatrudnienia na: https://oferty-pracy.work/o/francja/ciesla-szalunkowy-murarz-elektrownie-wiatrowe-528564?utm_source=GR-EU-012&utm_medium=post&utm_campaign=fejs",https://c6.staticflickr.com/6/5590/15109324165_dda17ca6d6_b.jpg
" ⭐ ⭐ ⭐ #praca #niemcy Operator wózka widłowego – Niemcy ⭐ ⭐ ⭐ Sprawdź całą ofertę pracy na: https://oferty-pracy.work/o/niemcy/operator-wozka-widlowego-niemcy-2-524243?utm_source=GR-EU-012&utm_medium=post&utm_campaign=fejs",http://c1.staticflickr.com/1/203/515875246_f3d838a727_z.jpg
" ↗ ↗ ↗ #francja #ofertypracy Monter/Spawacz MAG 135 Nantes ↗ ↗ ↗ Przeczytaj pełną ofertę na stronie: https://oferty-pracy.work/o/francja/monter-spawacz-mag-135-nantes-527332?utm_source=GR-EU-012&utm_medium=post&utm_campaign=fejs",https://c2.staticflickr.com/9/8364/8312077657_a76897b09a_b.jpg
" ☀ ☀ ☀ #praca #wielkabrytania Warehouse Operator- Amazon ☀ ☀ ☀ Sprawdź pełną ofertę pracy na witrynie: https://oferty-pracy.work/o/wielka-brytania/warehouse-operator-amazon-2-527267?utm_source=GR-EU-012&utm_medium=post&utm_campaign=fejs",https://c1.staticflickr.com/9/8152/7377899512_0b6a5e5585_h.jpg
" O:) O:) O:) #holandia #ofertypracy Veghel: Pakowanie słodyczy bez angielskiego O:) O:) O:) Zobacz całość oferty na stronie: https://oferty-pracy.work/o/holandia/veghel-pakowanie-slodyczy-bez-angielskiego-527986?utm_source=GR-EU-012&utm_medium=post&utm_campaign=fejs",https://c1.staticflickr.com/5/4002/4568648142_654e89db97_b.jpg
" ☝ ☝ ☝ #norwegia #praca Er du dyktig forskalingssnekker? Cieślą szalunkowym? Kristiansand ☝ ☝ ☝ Przeczytaj pełną ofertę zatrudnienia na witrynie: https://oferty-pracy.work/o/norwegia/er-du-dyktig-forskalingssnekker-ciesla-szalunkowym-kristiansand-527422?utm_source=GR-EU-012&utm_medium=post&utm_campaign=fejs",https://c1.staticflickr.com/6/5597/15377071480_f98aaa920b_h.jpg
" ✈ ✈ ✈ #ofertapracy #norwegia Erfarne gulvleggere til vår kunde i Stavanger Stavanger ✈ ✈ ✈ Sprawdź pełną ofertę na: https://oferty-pracy.work/o/norwegia/erfarne-gulvleggere-til-var-kunde-i-stavanger-stavanger-526512?utm_source=GR-EU-012&utm_medium=post&utm_campaign=fejs",https://c2.staticflickr.com/1/748/23433932481_e359ef137c_h.jpg
" ✉ ✉ ✉ #oferta #norwegia Technik wind Kyrksæterøra ✉ ✉ ✉ Przeczytaj pełną ofertę zatrudnienia na stronie: https://oferty-pracy.work/o/norwegia/technik-wind-kyrksaeterora-528782?utm_source=GR-EU-012&utm_medium=post&utm_campaign=fejs",https://c2.staticflickr.com/1/656/20331310793_82beb25425_h.jpg
" ;) ;) ;) #wielkabrytania #ofertapracy FTTP Telecoms Surveyor ;) ;) ;) Zobacz całość oferty zatrudnienia na portalu: https://oferty-pracy.work/o/wielka-brytania/fttp-telecoms-surveyor-530337?utm_source=GR-EU-012&utm_medium=post&utm_campaign=fejs",https://c7.staticflickr.com/3/2311/1508319950_4fede310ba_b.jpg
" ☝ ☝ ☝ #wielkabrytania #ofertypracy Cleaning Operative- Sprzataczki Woking ☝ ☝ ☝ Przeczytaj pełną ofertę zatrudnienia na stronie: https://oferty-pracy.work/o/wielka-brytania/cleaning-operative-sprzataczki-woking-530272?utm_source=GR-EU-012&utm_medium=post&utm_campaign=fejs",https://c2.staticflickr.com/8/7389/11287896505_431209fa43_h.jpg
" ❗ ❗ ❗ #niemcy #ofertapracy PRACA NA SORTOWNI PRZESYŁEK BEZ ZNAJOMOŚCI J. NIEMIECKIEGO ❗ ❗ ❗ Przeczytaj całość oferty na stronie: https://oferty-pracy.work/o/niemcy/praca-na-sortowni-przesylek-bez-znajomosci-j-niemieckiego-528537?utm_source=GR-EU-012&utm_medium=post&utm_campaign=fejs",https://c2.staticflickr.com/4/3874/14798621115_c161edb240_z.jpg
" ❕ ❕ ❕ #niemcy #ofertapracy PRACOWNIK MAGAZYNU Z ART. SPOŻYWCZYMI BEZ ZNAJOMOŚCI JĘZYKA NIEMIECKIEGO ❕ ❕ ❕ Przeczytaj pełną ofertę na: https://oferty-pracy.work/o/niemcy/pracownik-magazynu-z-art-spozywczymi-bez-znajomosci-jezyka-niemieckiego-528629?utm_source=GR-EU-012&utm_medium=post&utm_campaign=fejs",https://c2.staticflickr.com/2/1276/638513554_dc3742d5c5_z.jpg
" ↗ ↗ ↗ #ofertapracy #belgia Tynkarz (renowacje) ↗ ↗ ↗ Zobacz całą ofertę na stronie: https://oferty-pracy.work/o/belgia/tynkarz-renowacje-4-526427?utm_source=GR-EU-012&utm_medium=post&utm_campaign=fejs",https://c1.staticflickr.com/7/6128/6032138651_19ff79795e_b.jpg
" ☎ ☎ ☎ #francja #oferta Pomocnik dekarza Metz ☎ ☎ ☎ Przeczytaj całą ofertę na portalu: https://oferty-pracy.work/o/francja/pomocnik-dekarza-metz-2-529840?utm_source=GR-EU-012&utm_medium=post&utm_campaign=fejs",https://c1.staticflickr.com/4/3112/2506655768_51def51140_b.jpg
" ❓ ❓ ❓ #praca #norwegia Specjalista ds. zmian lokatorskich ❓ ❓ ❓ Przeczytaj całą ofertę pracy na stronie: https://oferty-pracy.work/o/norwegia/specjalista-ds-zmian-lokatorskich-a-2-526513?utm_source=GR-EU-012&utm_medium=post&utm_campaign=fejs",https://c2.staticflickr.com/1/748/23433932481_e359ef137c_h.jpg
" ☝ ☝ ☝ #belgia #oferta Spawacz TIG (rury CO) (LST/10/20) ☝ ☝ ☝ Sprawdź całą ofertę na witrynie: https://oferty-pracy.work/o/belgia/spawacz-tig-rury-co-lst-10-20-3-527147?utm_source=GR-EU-012&utm_medium=post&utm_campaign=fejs",https://c1.staticflickr.com/5/4107/5089064949_21662c437f_b.jpg
" ➡ ➡ ➡ #ofertapracy #francja Cieśla szalunkowy ➡ ➡ ➡ Przeczytaj całość oferty na witrynie: https://oferty-pracy.work/o/francja/ciesla-szalunkowy-42-525694?utm_source=GR-EU-012&utm_medium=post&utm_campaign=fejs",https://c2.staticflickr.com/9/8364/8312077657_a76897b09a_b.jpg
" O:) O:) O:) #oferta #niemcy Order Picker - Feuchtwangen, Niemcy, art. zoologiczne O:) O:) O:) Zobacz pełną ofertę na portalu: https://oferty-pracy.work/o/niemcy/order-picker-feuchtwangen-niemcy-art-zoologiczne-513027?utm_source=GR-EU-012&utm_medium=post&utm_campaign=fejs",http://c1.staticflickr.com/1/150/378563092_91108c4a1d_z.jpg
" O:) O:) O:) #norwegia #ofertapracy Malarz Ciśnieniowy Metalizator Stavanger O:) O:) O:) Zobacz całość oferty pracy na witrynie: https://oferty-pracy.work/o/norwegia/malarz-cisnieniowy-metalizator-stavanger-6-526514?utm_source=GR-EU-012&utm_medium=post&utm_campaign=fejs",https://c4.staticflickr.com/4/3646/3538481443_d185f19678_b.jpg
" :D :D :D #wielkabrytania #oferta Production Operative's need ASAP :D :D :D Przeczytaj całą ofertę na stronie: https://oferty-pracy.work/o/wielka-brytania/production-operatives-need-asap-529062?utm_source=GR-EU-012&utm_medium=post&utm_campaign=fejs",https://c7.staticflickr.com/3/2311/1508319950_4fede310ba_b.jpg
" ☀ ☀ ☀ #wielkabrytania #ofertapracy Buying Analyst ☀ ☀ ☀ Przeczytaj pełną ofertę na stronie: https://oferty-pracy.work/o/wielka-brytania/buying-analyst-527474?utm_source=GR-EU-012&utm_medium=post&utm_campaign=fejs",https://c7.staticflickr.com/9/8522/8672040494_9181fd9a50_b.jpg
" ⤴ ⤴ ⤴ #niemcy #praca Pracownikow Magazynowych (m/w/d) ⤴ ⤴ ⤴ Przeczytaj całość oferty na witrynie: https://oferty-pracy.work/o/niemcy/pracownikow-magazynowych-m-w-d-4-528010?utm_source=GR-EU-012&utm_medium=post&utm_campaign=fejs",https://c2.staticflickr.com/4/3906/15340044952_ecbcbfa448_z.jpg
" ☝ ☝ ☝ #norwegia #oferta Ventilasjonsmontør Trondheim ☝ ☝ ☝ Zobacz całą ofertę na portalu: https://oferty-pracy.work/o/norwegia/ventilasjonsmontor-trondheim-12-526511?utm_source=GR-EU-012&utm_medium=post&utm_campaign=fejs",https://c4.staticflickr.com/6/5703/20358607923_8d9ffdb4e0_h.jpg
" :D :D :D #norwegia #ofertapracy Pakowacz - praca w ubojni Stavanger :D :D :D Sprawdź pełną ofertę na portalu: https://oferty-pracy.work/o/norwegia/pakowacz-praca-w-ubojni-stavanger-526039?utm_source=GR-EU-012&utm_medium=post&utm_campaign=fejs",https://c5.staticflickr.com/8/7081/7388006916_5346fc4a0d_h.jpg
" ☝ ☝ ☝ #wielkabrytania #oferta Cryptography/Security - Help required ☝ ☝ ☝ Zobacz całość oferty zatrudnienia na: https://oferty-pracy.work/o/wielka-brytania/cryptography-security-help-required-529744?utm_source=GR-EU-012&utm_medium=post&utm_campaign=fejs",https://c7.staticflickr.com/3/2311/1508319950_4fede310ba_b.jpg
" ⭐ ⭐ ⭐ #oferta #belgia Cukiernik – Belgia ⭐ ⭐ ⭐ Przeczytaj całą ofertę pracy na stronie: https://oferty-pracy.work/o/belgia/cukiernik-belgia-524273?utm_source=GR-EU-012&utm_medium=post&utm_campaign=fejs",https://c2.staticflickr.com/6/5224/5606606522_f2b12f52bf_b.jpg
" ☝ ☝ ☝ #holandia #ofertypracy Komisjoner/kompletacja zamówień ☝ ☝ ☝ Przeczytaj całość oferty zatrudnienia na witrynie: https://oferty-pracy.work/o/holandia/komisjoner-kompletacja-zamowien-4-523009?utm_source=GR-EU-012&utm_medium=post&utm_campaign=fejs",https://c2.staticflickr.com/8/7576/15903064881_20d0ec7b8c_b.jpg
" (y) (y) (y) #praca #niemcy PRACA W NIEMCZECH OD ZARAZ! (y) (y) (y) Zobacz pełną ofertę zatrudnienia na stronie: https://oferty-pracy.work/o/niemcy/praca-w-niemczech-od-zaraz-2-527878?utm_source=GR-EU-012&utm_medium=post&utm_campaign=fejs",http://c1.staticflickr.com/1/150/378563092_91108c4a1d_z.jpg
" ⤵ ⤵ ⤵ #holandia #ofertypracy PRACA NA CHŁODNI, SUPER WYNAGRODZENIE– Holandia ! ⤵ ⤵ ⤵ Przeczytaj pełną ofertę na: https://oferty-pracy.work/o/holandia/praca-na-chlodni-super-wynagrodzenie-holandia-516372?utm_source=GR-EU-012&utm_medium=post&utm_campaign=fejs",https://c1.staticflickr.com/5/4013/4297675082_23c0639445_b.jpg
" :D :D :D #praca #wielkabrytania Bookkeeper - Part Time Leeds :D :D :D Sprawdź pełną ofertę zatrudnienia na stronie: https://oferty-pracy.work/o/wielka-brytania/bookkeeper-part-time-leeds-528790?utm_source=GR-EU-012&utm_medium=post&utm_campaign=fejs",https://c8.staticflickr.com/8/7427/13997718935_ea3b162833_h.jpg
" ⤴ ⤴ ⤴ #holandia #oferta Praca z elektronicznym wózkiem paletowym, NL! ⤴ ⤴ ⤴ Sprawdź całą ofertę pracy na: https://oferty-pracy.work/o/holandia/praca-z-elektronicznym-wozkiem-paletowym-nl-525542?utm_source=GR-EU-012&utm_medium=post&utm_campaign=fejs",https://c2.staticflickr.com/4/3837/14906803260_0f7d92aeda_h.jpg
" ☎ ☎ ☎ #holandia #ofertapracy praca na produkcji ☎ ☎ ☎ Sprawdź całość oferty pracy na: https://oferty-pracy.work/o/holandia/praca-na-produkcji-7-519254?utm_source=GR-EU-012&utm_medium=post&utm_campaign=fejs",https://c1.staticflickr.com/5/4013/4297675082_23c0639445_b.jpg
" O:) O:) O:) #norwegia #ofertapracy Wykrawacz Wieprzowiny Stavanger O:) O:) O:) Zobacz pełną ofertę na stronie: https://oferty-pracy.work/o/norwegia/wykrawacz-wieprzowiny-stavanger-8-526516?utm_source=GR-EU-012&utm_medium=post&utm_campaign=fejs",https://c2.staticflickr.com/1/748/23433932481_e359ef137c_h.jpg
" ❗ ❗ ❗ #wielkabrytania #ofertypracy Induction ❗ ❗ ❗ Sprawdź całość oferty zatrudnienia na stronie: https://oferty-pracy.work/o/wielka-brytania/induction-527763?utm_source=GR-EU-012&utm_medium=post&utm_campaign=fejs",https://c7.staticflickr.com/2/1164/1302205182_ce337b26f5_b.jpg
" O:) O:) O:) #francja #oferta Spawacz MIG/MAG/ Ślusarz (DMS/11/20) O:) O:) O:) Zobacz całość oferty na stronie: https://oferty-pracy.work/o/francja/spawacz-mig-mag-slusarz-dms-11-20-527874?utm_source=GR-EU-012&utm_medium=post&utm_campaign=fejs",https://c2.staticflickr.com/3/2013/2492153321_b6076eaf4a_b.jpg
" ⚠ ⚠ ⚠ #praca #niemcy Opiekunka dla 86-letniej Pani Marii ⚠ ⚠ ⚠ Sprawdź pełną ofertę zatrudnienia na portalu: https://oferty-pracy.work/o/niemcy/opiekunka-dla-86-letniej-pani-marii-527943?utm_source=GR-EU-012&utm_medium=post&utm_campaign=fejs",https://c2.staticflickr.com/4/3906/15340044952_ecbcbfa448_z.jpg
" ↗ ↗ ↗ #ofertypracy #holandia Praca w magazynie z mięsem w Harreveld NOWA Harreveld ↗ ↗ ↗ Sprawdź pełną ofertę zatrudnienia na stronie: https://oferty-pracy.work/o/holandia/praca-w-magazynie-z-miesem-w-harreveld-nowa-harreveld-527563?utm_source=GR-EU-012&utm_medium=post&utm_campaign=fejs",https://c2.staticflickr.com/6/5291/14007008994_a7af6e6a3c_b.jpg
" ❕ ❕ ❕ #oferta #wielkabrytania Production Operatives Scarborough ❕ ❕ ❕ Zobacz pełną ofertę zatrudnienia na portalu: https://oferty-pracy.work/o/wielka-brytania/production-operatives-scarborough-528789?utm_source=GR-EU-012&utm_medium=post&utm_campaign=fejs",https://c6.staticflickr.com/5/4005/4673992149_caca90b488_b.jpg
" ⤴ ⤴ ⤴ #oferta #francja Monter elementów wykończeniowych (CTS/10/20) ⤴ ⤴ ⤴ Zobacz całość oferty pracy na: https://oferty-pracy.work/o/francja/monter-elementow-wykonczeniowych-cts-10-20-525980?utm_source=GR-EU-012&utm_medium=post&utm_campaign=fejs",https://c3.staticflickr.com/7/6142/6032746234_47a08b963d_b.jpg
" (y) (y) (y) #ofertapracy #holandia Pracownik Produkcji (y) (y) (y) Zobacz pełną ofertę pracy na witrynie: https://oferty-pracy.work/o/holandia/pracownik-produkcji-135-527755?utm_source=GR-EU-012&utm_medium=post&utm_campaign=fejs",https://c2.staticflickr.com/4/3946/15675463351_6772d55c04_h.jpg
" ❓ ❓ ❓ #oferta #belgia Cieśla Oslo ❓ ❓ ❓ Przeczytaj całą ofertę zatrudnienia na witrynie: https://oferty-pracy.work/o/belgia/ciesla-oslo-16-527692?utm_source=GR-EU-012&utm_medium=post&utm_campaign=fejs",https://c1.staticflickr.com/3/2434/3773629074_fe01cc2651_b.jpg
" ↗ ↗ ↗ #oferta #holandia Pracownik logistyki / Warehouse Employee ↗ ↗ ↗ Sprawdź całą ofertę pracy na stronie: https://oferty-pracy.work/o/holandia/pracownik-logistyki-warehouse-employee-46-527757?utm_source=GR-EU-012&utm_medium=post&utm_campaign=fejs",https://c2.staticflickr.com/8/7074/7378088150_8f426d40ca_h.jpg
" ↘ ↘ ↘ #belgia #oferta ELEKTROMECHANIK ↘ ↘ ↘ Przeczytaj pełną ofertę pracy na witrynie: https://oferty-pracy.work/o/belgia/elektromechanik-8-527107?utm_source=GR-EU-012&utm_medium=post&utm_campaign=fejs",https://c1.staticflickr.com/5/4149/4998506878_9bbd3bdbf3_b.jpg
" ↘ ↘ ↘ #belgia #oferta ELEKTROMECHANIK ↘ ↘ ↘ Przeczytaj pełną ofertę pracy na witrynie: https://oferty-pracy.work/o/belgia/elektromechanik-8-527107?utm_source=GR-EU-012&utm_medium=post&utm_campaign=fejs",https://c1.staticflickr.com/5/4149/4998506878_9bbd3bdbf3_b.jpg
" ❗ ❗ ❗ #oferta #holandia Praca na magazynie- Zaltbommel, NL ❗ ❗ ❗ Sprawdź całą ofertę na: https://oferty-pracy.work/o/holandia/praca-na-magazynie-zaltbommel-nl-2-525300?utm_source=GR-EU-012&utm_medium=post&utm_campaign=fejs",https://c1.staticflickr.com/3/2724/5716397597_8057dca8af_b.jpg
" ↗ ↗ ↗ #norwegia #oferta Elektrikere til onshore prosjekter. Porsgrunn ↗ ↗ ↗ Zobacz pełną ofertę na stronie: https://oferty-pracy.work/o/norwegia/elektrikere-til-onshore-prosjekter-porsgrunn-3-527953?utm_source=GR-EU-012&utm_medium=post&utm_campaign=fejs",https://c4.staticflickr.com/6/5703/20358607923_8d9ffdb4e0_h.jpg
" ⭐ ⭐ ⭐ #holandia #oferta Praca przy produkcji frytek w Hedel NOWA Hedel ⭐ ⭐ ⭐ Zobacz pełną ofertę zatrudnienia na witrynie: https://oferty-pracy.work/o/holandia/praca-przy-produkcji-frytek-w-hedel-nowa-hedel-527567?utm_source=GR-EU-012&utm_medium=post&utm_campaign=fejs",https://c2.staticflickr.com/6/5746/20540478542_91911b7a5a_b.jpg
" ☀ ☀ ☀ #ofertapracy #wielkabrytania Shop volunteer (Wymondham Shop) ☀ ☀ ☀ Przeczytaj całość oferty pracy na portalu: https://oferty-pracy.work/o/wielka-brytania/shop-volunteer-wymondham-shop-527764?utm_source=GR-EU-012&utm_medium=post&utm_campaign=fejs",https://c1.staticflickr.com/9/8152/7377899512_0b6a5e5585_h.jpg
