" O:) O:) O:) #belgia #ofertapracy Operator produkcji (branża spożywcza) – Belgia O:) O:) O:) Zobacz całość oferty na: https://oferty-pracy.work/o/belgia/operator-produkcji-branza-spozywcza-belgia-528088?utm_source=PG-EU-08&utm_medium=post&utm_campaign=fejs",https://c1.staticflickr.com/7/6196/6032700928_14dd9f65ee_b.jpg
" ⤴ ⤴ ⤴ #wielkabrytania #ofertypracy Multi drop delivery position ⤴ ⤴ ⤴ Sprawdź pełną ofertę na: https://oferty-pracy.work/o/wielka-brytania/multi-drop-delivery-position-528022?utm_source=PG-EU-08&utm_medium=post&utm_campaign=fejs",https://c1.staticflickr.com/9/8152/7377899512_0b6a5e5585_h.jpg
" ❗ ❗ ❗ #oferta #holandia Praca z elektronicznym wózkiem paletowym, NL! ❗ ❗ ❗ Sprawdź całą ofertę na portalu: https://oferty-pracy.work/o/holandia/praca-z-elektronicznym-wozkiem-paletowym-nl-525542?utm_source=PG-EU-08&utm_medium=post&utm_campaign=fejs",https://c2.staticflickr.com/8/7074/7378088150_8f426d40ca_h.jpg
" ⤵ ⤵ ⤵ #ofertapracy #niemcy MAGAZYNIER / KOMISJONER / PRACOWNIK PRODUKCJI / PAKOWACZ - PRACA DLA PAR ⤵ ⤵ ⤵ Przeczytaj całą ofertę na portalu: https://oferty-pracy.work/o/niemcy/magazynier-komisjoner-pracownik-produkcji-pakowacz-praca-dla-par-3-527665?utm_source=PG-EU-08&utm_medium=post&utm_campaign=fejs",https://c2.staticflickr.com/2/1410/531924576_78eb36ae2d_z.jpg
" :D :D :D #ofertapracy #norwegia Pakowacz - praca w ubojni Stavanger :D :D :D Zobacz pełną ofertę na portalu: https://oferty-pracy.work/o/norwegia/pakowacz-praca-w-ubojni-stavanger-526039?utm_source=PG-EU-08&utm_medium=post&utm_campaign=fejs",https://c5.staticflickr.com/8/7081/7388006916_5346fc4a0d_h.jpg
" ⚠ ⚠ ⚠ #wielkabrytania #ofertapracy Disability (Assessor) ⚠ ⚠ ⚠ Przeczytaj pełną ofertę pracy na: https://oferty-pracy.work/o/wielka-brytania/disability-assessor-4-527478?utm_source=PG-EU-08&utm_medium=post&utm_campaign=fejs",https://c2.staticflickr.com/3/2511/3902764265_05408a72ca_b.jpg
" ☝ ☝ ☝ #oferta #niemcy MAGAZYNIER BEZ ZNAJOMOŚCI J. NIEMIECKIEGO - PRACA DLA PAR ☝ ☝ ☝ Przeczytaj pełną ofertę pracy na witrynie: https://oferty-pracy.work/o/niemcy/magazynier-bez-znajomosci-j-niemieckiego-praca-dla-par-527888?utm_source=PG-EU-08&utm_medium=post&utm_campaign=fejs",http://c2.staticflickr.com/8/7259/7664383982_8bd321dba5_b.jpg
" :D :D :D #praca #norwegia Elektrikere til onshore prosjekter. Porsgrunn :D :D :D Zobacz całą ofertę na: https://oferty-pracy.work/o/norwegia/elektrikere-til-onshore-prosjekter-porsgrunn-527205?utm_source=PG-EU-08&utm_medium=post&utm_campaign=fejs",https://c4.staticflickr.com/6/5022/5728931227_47b4572bf0_b.jpg
" ☝ ☝ ☝ #niemcy #ofertypracy Praca Produkcyjna w Fabryce Samochodów München ☝ ☝ ☝ Zobacz całość oferty pracy na portalu: https://oferty-pracy.work/o/niemcy/praca-produkcyjna-w-fabryce-samochodow-munchen-528136?utm_source=PG-EU-08&utm_medium=post&utm_campaign=fejs",https://c2.staticflickr.com/2/1276/638513554_dc3742d5c5_z.jpg
" (y) (y) (y) #ofertapracy #belgia Programista/Operator frezerki CNC (FB/11/20) (y) (y) (y) Zobacz pełną ofertę zatrudnienia na portalu: https://oferty-pracy.work/o/belgia/programista-operator-frezerki-cnc-fb-11-20-3-527128?utm_source=PG-EU-08&utm_medium=post&utm_campaign=fejs",https://c2.staticflickr.com/4/3865/14827042189_8e0028a0d6_b.jpg
" ⤵ ⤵ ⤵ #praca #francja Pracownik fizyczny Dijon ⤵ ⤵ ⤵ Zobacz pełną ofertę pracy na stronie: https://oferty-pracy.work/o/francja/pracownik-fizyczny-dijon-528141?utm_source=PG-EU-08&utm_medium=post&utm_campaign=fejs",https://c3.staticflickr.com/7/6142/6032746234_47a08b963d_b.jpg
" ↘ ↘ ↘ #ofertypracy #holandia Pomoc kuchenna/ zmywanie naczyń - Katwijk ↘ ↘ ↘ Przeczytaj pełną ofertę zatrudnienia na stronie: https://oferty-pracy.work/o/holandia/pomoc-kuchenna-zmywanie-naczyn-katwijk-529985?utm_source=PG-EU-08&utm_medium=post&utm_campaign=fejs",https://c2.staticflickr.com/4/3644/3449046851_b4b3bda8e8_b.jpg
" ☀ ☀ ☀ #praca #wielkabrytania Quant Developer - Macro Hedge Fund/Buy Side - (Python/C++) ☀ ☀ ☀ Sprawdź pełną ofertę pracy na stronie: https://oferty-pracy.work/o/wielka-brytania/quant-developer-macro-hedge-fund-buy-side-python-c-528023?utm_source=PG-EU-08&utm_medium=post&utm_campaign=fejs",https://c8.staticflickr.com/8/7427/13997718935_ea3b162833_h.jpg
" ❓ ❓ ❓ #belgia #ofertypracy WULKANIZATOR ❓ ❓ ❓ Sprawdź pełną ofertę pracy na witrynie: https://oferty-pracy.work/o/belgia/wulkanizator-528245?utm_source=PG-EU-08&utm_medium=post&utm_campaign=fejs",https://c1.staticflickr.com/5/4107/5089064949_21662c437f_b.jpg
" (y) (y) (y) #norwegia #ofertypracy Erfarne gulvleggere til vår kunde i Stavanger Stavanger (y) (y) (y) Przeczytaj pełną ofertę zatrudnienia na portalu: https://oferty-pracy.work/o/norwegia/erfarne-gulvleggere-til-var-kunde-i-stavanger-stavanger-526512?utm_source=PG-EU-08&utm_medium=post&utm_campaign=fejs",https://c2.staticflickr.com/1/748/23433932481_e359ef137c_h.jpg
" (y) (y) (y) #belgia #oferta Tynkarz (renowacje) (y) (y) (y) Zobacz całą ofertę zatrudnienia na witrynie: https://oferty-pracy.work/o/belgia/tynkarz-renowacje-4-526427?utm_source=PG-EU-08&utm_medium=post&utm_campaign=fejs",https://c1.staticflickr.com/7/6196/6032700928_14dd9f65ee_b.jpg
" ⤵ ⤵ ⤵ #ofertapracy #norwegia Specjalista ds. sprzedaży mieszkań ⤵ ⤵ ⤵ Sprawdź pełną ofertę pracy na: https://oferty-pracy.work/o/norwegia/specjalista-ds-sprzedaa%c2%bcy-mieszkaa-a-527675?utm_source=PG-EU-08&utm_medium=post&utm_campaign=fejs",https://c3.staticflickr.com/4/3792/9508382946_97d06efc27_h.jpg
" (y) (y) (y) #praca #francja Frezer konwencjonalny(manualny) Lille (y) (y) (y) Sprawdź całość oferty pracy na: https://oferty-pracy.work/o/francja/frezer-konwencjonalnymanualny-lille-527560?utm_source=PG-EU-08&utm_medium=post&utm_campaign=fejs",https://c3.staticflickr.com/5/4152/5089610330_20505ee77b_b.jpg
" ➡ ➡ ➡ #francja #praca Pracownik Gospodarstwa Lille ➡ ➡ ➡ Sprawdź całość oferty na witrynie: https://oferty-pracy.work/o/francja/pracownik-gospodarstwa-lille-3-525660?utm_source=PG-EU-08&utm_medium=post&utm_campaign=fejs",https://c2.staticflickr.com/9/8364/8312077657_a76897b09a_b.jpg
" 3:) 3:) 3:) #ofertapracy #holandia kompozycje/ stroiki kwiatowe dużo godzin 3:) 3:) 3:) Sprawdź całość oferty na portalu: https://oferty-pracy.work/o/holandia/kompozycje-stroiki-kwiatowe-duzo-godzin-529204?utm_source=PG-EU-08&utm_medium=post&utm_campaign=fejs",https://c1.staticflickr.com/5/4013/4297675082_23c0639445_b.jpg
" ✉ ✉ ✉ #wielkabrytania #ofertypracy Product Manager ✉ ✉ ✉ Sprawdź całą ofertę pracy na witrynie: https://oferty-pracy.work/o/wielka-brytania/product-manager-2-528020?utm_source=PG-EU-08&utm_medium=post&utm_campaign=fejs",https://c8.staticflickr.com/9/8403/8706453607_a57759673e_h.jpg
" 3:) 3:) 3:) #praca #niemcy PRACOWNIK OGÓLNOBUDOWLANY - NIEMCY 3:) 3:) 3:) Zobacz całą ofertę zatrudnienia na witrynie: https://oferty-pracy.work/o/niemcy/pracownik-ogolnobudowlany-niemcy-4-527617?utm_source=PG-EU-08&utm_medium=post&utm_campaign=fejs",http://c1.staticflickr.com/1/150/378563092_91108c4a1d_z.jpg
" ;) ;) ;) #belgia #oferta Instalator bram (pracownik budowlany) ;) ;) ;) Zobacz całość oferty pracy na witrynie: https://oferty-pracy.work/o/belgia/instalator-bram-pracownik-budowlany-527863?utm_source=PG-EU-08&utm_medium=post&utm_campaign=fejs",https://c1.staticflickr.com/5/4149/4998506878_9bbd3bdbf3_b.jpg
" ✈ ✈ ✈ #oferta #belgia Płytkarz Antwerpen ✈ ✈ ✈ Zobacz pełną ofertę na witrynie: https://oferty-pracy.work/o/belgia/plytkarz-antwerpen-526013?utm_source=PG-EU-08&utm_medium=post&utm_campaign=fejs",https://c2.staticflickr.com/6/5224/5606606522_f2b12f52bf_b.jpg
" ⤴ ⤴ ⤴ #niemcy #ofertypracy Ślusarz / Mechanik - Niemcy +opłacone zakwaterowanie ⤴ ⤴ ⤴ Przeczytaj całą ofertę zatrudnienia na stronie: https://oferty-pracy.work/o/niemcy/slusarz-mechanik-niemcy-oplacone-zakwaterowanie-528499?utm_source=PG-EU-08&utm_medium=post&utm_campaign=fejs",http://c1.staticflickr.com/1/150/378563092_91108c4a1d_z.jpg
" ✋ ✋ ✋ #holandia #ofertypracy Praca w Holandii: Pracownik szkółki drzew/krzewów ✋ ✋ ✋ Przeczytaj całość oferty zatrudnienia na: https://oferty-pracy.work/o/holandia/praca-w-holandii-pracownik-szkolki-drzew-krzewow-528017?utm_source=PG-EU-08&utm_medium=post&utm_campaign=fejs",https://c1.staticflickr.com/5/4077/4912497357_236fe3faf8_b.jpg
" ⚠ ⚠ ⚠ #ofertypracy #belgia Monter wentylacji (KSA/11/20) ⚠ ⚠ ⚠ Zobacz całą ofertę pracy na portalu: https://oferty-pracy.work/o/belgia/monter-wentylacji-ksa-11-20-3-527130?utm_source=PG-EU-08&utm_medium=post&utm_campaign=fejs",https://c2.staticflickr.com/6/5610/15453917009_9ae3dcfecd_z.jpg
" 3:) 3:) 3:) #praca #niemcy PRACOWNIK MAGAZYNU Z J. ANGIELSKIM 3:) 3:) 3:) Sprawdź całą ofertę pracy na stronie: https://oferty-pracy.work/o/niemcy/pracownik-magazynu-z-j-angielskim-2-527881?utm_source=PG-EU-08&utm_medium=post&utm_campaign=fejs",https://c2.staticflickr.com/4/3834/12924164783_ac4795912b_b.jpg
" ❗ ❗ ❗ #ofertapracy #wielkabrytania Registered General Nurse - Accident & Emergency ❗ ❗ ❗ Sprawdź całą ofertę pracy na: https://oferty-pracy.work/o/wielka-brytania/registered-general-nurse-accident-emergency-530013?utm_source=PG-EU-08&utm_medium=post&utm_campaign=fejs",https://c2.staticflickr.com/3/2511/3902764265_05408a72ca_b.jpg
" O:) O:) O:) #norwegia #ofertypracy Elektrikere til Stavanger Stavanger O:) O:) O:) Sprawdź całość oferty na portalu: https://oferty-pracy.work/o/norwegia/elektrikere-til-stavanger-stavanger-528780?utm_source=PG-EU-08&utm_medium=post&utm_campaign=fejs",https://c8.staticflickr.com/2/1660/23404843863_1877ce24b0_h.jpg
" ⚡ ⚡ ⚡ #praca #francja Monter instalacji c.o. - montaż pomp ciepła - Francja (AW) Angers ⚡ ⚡ ⚡ Przeczytaj pełną ofertę pracy na stronie: https://oferty-pracy.work/o/francja/monter-instalacji-c-o-montaz-pomp-ciepla-francja-aw-angers-528138?utm_source=PG-EU-08&utm_medium=post&utm_campaign=fejs",https://c3.staticflickr.com/5/4152/5089610330_20505ee77b_b.jpg
" ⤴ ⤴ ⤴ #praca #wielkabrytania MIG Spawacz ⤴ ⤴ ⤴ Sprawdź całość oferty na portalu: https://oferty-pracy.work/o/wielka-brytania/mig-spawacz-526970?utm_source=PG-EU-08&utm_medium=post&utm_campaign=fejs",https://c7.staticflickr.com/2/1164/1302205182_ce337b26f5_b.jpg
" :D :D :D #francja #oferta Wykrawacz miesa. Praca we Francji :D :D :D Przeczytaj całą ofertę zatrudnienia na witrynie: https://oferty-pracy.work/o/francja/wykrawacz-miesa-praca-we-francji-500398?utm_source=PG-EU-08&utm_medium=post&utm_campaign=fejs",https://c1.staticflickr.com/4/3112/2506655768_51def51140_b.jpg
" ⭐ ⭐ ⭐ #holandia #ofertapracy Praca w magazynie z mięsem w Harreveld NOWA Harreveld ⭐ ⭐ ⭐ Przeczytaj całość oferty zatrudnienia na stronie: https://oferty-pracy.work/o/holandia/praca-w-magazynie-z-miesem-w-harreveld-nowa-harreveld-527563?utm_source=PG-EU-08&utm_medium=post&utm_campaign=fejs",https://c1.staticflickr.com/5/4128/5086325483_026545690c_b.jpg
" ⚠ ⚠ ⚠ #ofertypracy #niemcy MALARZ POKOJOWY ⚠ ⚠ ⚠ Przeczytaj całość oferty pracy na stronie: https://oferty-pracy.work/o/niemcy/malarz-pokojowy-528241?utm_source=PG-EU-08&utm_medium=post&utm_campaign=fejs",https://c2.staticflickr.com/2/1276/638513554_dc3742d5c5_z.jpg
" 3:) 3:) 3:) #holandia #praca Spawacz TIG Amsterdam 3:) 3:) 3:) Sprawdź całą ofertę pracy na witrynie: https://oferty-pracy.work/o/holandia/spawacz-tig-amsterdam-528145?utm_source=PG-EU-08&utm_medium=post&utm_campaign=fejs",https://c1.staticflickr.com/1/38/83084345_f3b167f181_b.jpg
" O:) O:) O:) #ofertapracy #wielkabrytania Lettings Team leader O:) O:) O:) Sprawdź całość oferty na: https://oferty-pracy.work/o/wielka-brytania/lettings-team-leader-527269?utm_source=PG-EU-08&utm_medium=post&utm_campaign=fejs",https://c2.staticflickr.com/8/7389/11287896505_431209fa43_h.jpg
" ➡ ➡ ➡ #ofertapracy #francja Cieśla szalunkowy ➡ ➡ ➡ Przeczytaj całą ofertę na: https://oferty-pracy.work/o/francja/ciesla-szalunkowy-42-525694?utm_source=PG-EU-08&utm_medium=post&utm_campaign=fejs",https://c3.staticflickr.com/7/6142/6032746234_47a08b963d_b.jpg
" ✉ ✉ ✉ #praca #wielkabrytania Cleaning Operative- Sprzataczki Woking ✉ ✉ ✉ Przeczytaj całość oferty na portalu: https://oferty-pracy.work/o/wielka-brytania/cleaning-operative-sprzataczki-woking-530272?utm_source=PG-EU-08&utm_medium=post&utm_campaign=fejs",https://c7.staticflickr.com/3/2311/1508319950_4fede310ba_b.jpg
" ☝ ☝ ☝ #ofertypracy #niemcy PRACOWNIK DO PRODUKCJI I MONTAŻU OKIEN ☝ ☝ ☝ Sprawdź całą ofertę pracy na: https://oferty-pracy.work/o/niemcy/pracownik-do-produkcji-i-montazu-okien-528162?utm_source=PG-EU-08&utm_medium=post&utm_campaign=fejs",https://c2.staticflickr.com/6/5020/5454773902_26dafc2374_z.jpg
" ↘ ↘ ↘ #niemcy #ofertypracy MAGAZYNIER / KOMISJONER / PRACOWNIK PRODUKCJI / PAKOWACZ - PRACA DLA PAR ↘ ↘ ↘ Zobacz całą ofertę zatrudnienia na witrynie: https://oferty-pracy.work/o/niemcy/magazynier-komisjoner-pracownik-produkcji-pakowacz-praca-dla-par-528230?utm_source=PG-EU-08&utm_medium=post&utm_campaign=fejs",http://c1.staticflickr.com/1/150/378563092_91108c4a1d_z.jpg
" ⚠ ⚠ ⚠ #ofertapracy #holandia Pracuj z nami w Holandii ⚠ ⚠ ⚠ Zobacz pełną ofertę pracy na witrynie: https://oferty-pracy.work/o/holandia/pracuj-z-nami-w-holandii-2-528006?utm_source=PG-EU-08&utm_medium=post&utm_campaign=fejs",https://c1.staticflickr.com/5/4002/4568648142_654e89db97_b.jpg
" ☀ ☀ ☀ #belgia #ofertypracy Kelner/pomoc kuchenna – Belgia ☀ ☀ ☀ Sprawdź całą ofertę pracy na witrynie: https://oferty-pracy.work/o/belgia/kelner-pomoc-kuchenna-belgia-524992?utm_source=PG-EU-08&utm_medium=post&utm_campaign=fejs",https://c1.staticflickr.com/5/4149/4998506878_9bbd3bdbf3_b.jpg
" ;) ;) ;) #praca #belgia Cieśla szalunkowy ;) ;) ;) Zobacz całość oferty zatrudnienia na stronie: https://oferty-pracy.work/o/belgia/ciesla-szalunkowy-528634?utm_source=PG-EU-08&utm_medium=post&utm_campaign=fejs",https://c1.staticflickr.com/5/4149/4998506878_9bbd3bdbf3_b.jpg
" ❗ ❗ ❗ #oferta #wielkabrytania Domestic Gas Service & Breakdown Engineer ❗ ❗ ❗ Zobacz całość oferty zatrudnienia na portalu: https://oferty-pracy.work/o/wielka-brytania/domestic-gas-service-breakdown-engineer-527762?utm_source=PG-EU-08&utm_medium=post&utm_campaign=fejs",https://c2.staticflickr.com/3/2511/3902764265_05408a72ca_b.jpg
" ⤵ ⤵ ⤵ #norwegia #ofertapracy Technik wind Kyrksæterøra ⤵ ⤵ ⤵ Sprawdź pełną ofertę zatrudnienia na witrynie: https://oferty-pracy.work/o/norwegia/technik-wind-kyrksaeterora-528782?utm_source=PG-EU-08&utm_medium=post&utm_campaign=fejs",https://c5.staticflickr.com/8/7081/7388006916_5346fc4a0d_h.jpg
" ↗ ↗ ↗ #wielkabrytania #oferta Shop Manager Alderney / Channel Island ↗ ↗ ↗ Przeczytaj całość oferty zatrudnienia na stronie: https://oferty-pracy.work/o/wielka-brytania/shop-manager-alderney-channel-island-526894?utm_source=PG-EU-08&utm_medium=post&utm_campaign=fejs",https://c7.staticflickr.com/9/8522/8672040494_9181fd9a50_b.jpg
" ⤵ ⤵ ⤵ #belgia #ofertapracy Murarz (renowacje) ⤵ ⤵ ⤵ Przeczytaj całość oferty pracy na portalu: https://oferty-pracy.work/o/belgia/murarz-renowacje-528543?utm_source=PG-EU-08&utm_medium=post&utm_campaign=fejs",https://c1.staticflickr.com/7/6010/6207700090_2fd8438f41_b.jpg
" ✉ ✉ ✉ #ofertypracy #holandia Praca: pracownik sortowni plastików ✉ ✉ ✉ Sprawdź całość oferty zatrudnienia na witrynie: https://oferty-pracy.work/o/holandia/praca-pracownik-sortowni-plastikow-527999?utm_source=PG-EU-08&utm_medium=post&utm_campaign=fejs",https://c1.staticflickr.com/5/4128/5086325483_026545690c_b.jpg
