" ⭐ ⭐ ⭐ #ofertypracy #norwegia Elektrikere til Stavanger Stavanger ⭐ ⭐ ⭐ Zobacz całą ofertę zatrudnienia na witrynie: https://oferty-pracy.work/o/norwegia/elektrikere-til-stavanger-stavanger-528780?utm_source=PG-EU-07&utm_medium=post&utm_campaign=fejs",https://c3.staticflickr.com/4/3792/9508382946_97d06efc27_h.jpg
" ☎ ☎ ☎ #belgia #oferta Pracownik fizyczny (JBR/10/20) ☎ ☎ ☎ Przeczytaj pełną ofertę zatrudnienia na witrynie: https://oferty-pracy.work/o/belgia/pracownik-fizyczny-jbr-10-20-525700?utm_source=PG-EU-07&utm_medium=post&utm_campaign=fejs",https://c1.staticflickr.com/7/6196/6032700928_14dd9f65ee_b.jpg
" O:) O:) O:) #norwegia #oferta Koordynator ds. jakości O:) O:) O:) Przeczytaj całą ofertę pracy na stronie: https://oferty-pracy.work/o/norwegia/koordynator-ds-jakoaci-a-526040?utm_source=PG-EU-07&utm_medium=post&utm_campaign=fejs",https://c4.staticflickr.com/4/3646/3538481443_d185f19678_b.jpg
" ❗ ❗ ❗ #ofertapracy #francja Frezer konwencjonalny(manualny) Lille ❗ ❗ ❗ Sprawdź pełną ofertę pracy na: https://oferty-pracy.work/o/francja/frezer-konwencjonalnymanualny-lille-527560?utm_source=PG-EU-07&utm_medium=post&utm_campaign=fejs",https://c5.staticflickr.com/6/5086/5238557764_f2f9987833_b.jpg
" ❕ ❕ ❕ #ofertypracy #norwegia Kjøttskjærer / Butcher / Rzeznik Drammen ❕ ❕ ❕ Sprawdź całość oferty zatrudnienia na witrynie: https://oferty-pracy.work/o/norwegia/kjottskjaerer-butcher-rzeznik-drammen-530270?utm_source=PG-EU-07&utm_medium=post&utm_campaign=fejs",https://c2.staticflickr.com/1/748/23433932481_e359ef137c_h.jpg
" ⤴ ⤴ ⤴ #norwegia #praca Wykrawacz Wieprzowiny Stavanger ⤴ ⤴ ⤴ Zobacz pełną ofertę na stronie: https://oferty-pracy.work/o/norwegia/wykrawacz-wieprzowiny-stavanger-8-526516?utm_source=PG-EU-07&utm_medium=post&utm_campaign=fejs",https://c3.staticflickr.com/4/3792/9508382946_97d06efc27_h.jpg
" ❕ ❕ ❕ #ofertapracy #niemcy Pracownik fizyczny bez języka – DHL – 1500EUR/mc - rozładunek paczek ❕ ❕ ❕ Przeczytaj pełną ofertę na: https://oferty-pracy.work/o/niemcy/pracownik-fizyczny-bez-jezyka-dhl-1500eur-mc-rozladunek-paczek-528969?utm_source=PG-EU-07&utm_medium=post&utm_campaign=fejs",https://c2.staticflickr.com/4/3874/14798621115_c161edb240_z.jpg
" ⤵ ⤵ ⤵ #oferta #belgia Pracownik renowacji fasad – Belgia ⤵ ⤵ ⤵ Zobacz pełną ofertę pracy na witrynie: https://oferty-pracy.work/o/belgia/pracownik-renowacji-fasad-belgia-524276?utm_source=PG-EU-07&utm_medium=post&utm_campaign=fejs",https://c2.staticflickr.com/6/5610/15453917009_9ae3dcfecd_z.jpg
" ➡ ➡ ➡ #ofertapracy #norwegia Cieśla - Dekarz Røldal ➡ ➡ ➡ Zobacz całą ofertę pracy na portalu: https://oferty-pracy.work/o/norwegia/ciesla-dekarz-roldal-528784?utm_source=PG-EU-07&utm_medium=post&utm_campaign=fejs",https://c2.staticflickr.com/1/656/20331310793_82beb25425_h.jpg
" ⤵ ⤵ ⤵ #francja #ofertapracy Pomocnik dekarza Metz ⤵ ⤵ ⤵ Przeczytaj pełną ofertę na stronie: https://oferty-pracy.work/o/francja/pomocnik-dekarza-metz-2-529840?utm_source=PG-EU-07&utm_medium=post&utm_campaign=fejs",https://c2.staticflickr.com/9/8191/8110290185_175b3516c0_b.jpg
" :D :D :D #niemcy #oferta Sprzątanie Kliniki / Osoba sprzątająca :D :D :D Przeczytaj całą ofertę zatrudnienia na: https://oferty-pracy.work/o/niemcy/sprzatanie-kliniki-osoba-sprzatajaca-528761?utm_source=PG-EU-07&utm_medium=post&utm_campaign=fejs",http://c1.staticflickr.com/9/8001/7664379976_df64901ffe_b.jpg
" ✉ ✉ ✉ #praca #belgia Tynkarz (renowacje) ✉ ✉ ✉ Sprawdź całą ofertę zatrudnienia na portalu: https://oferty-pracy.work/o/belgia/tynkarz-renowacje-528584?utm_source=PG-EU-07&utm_medium=post&utm_campaign=fejs",https://c1.staticflickr.com/5/4125/5089051595_26bd00f7c0_b.jpg
" ☎ ☎ ☎ #ofertypracy #wielkabrytania Project Manager - Software Delivery (Financial Services/ Mortgages) ☎ ☎ ☎ Zobacz całość oferty na: https://oferty-pracy.work/o/wielka-brytania/project-manager-software-delivery-financial-services-mortgages-526974?utm_source=PG-EU-07&utm_medium=post&utm_campaign=fejs",https://c7.staticflickr.com/9/8522/8672040494_9181fd9a50_b.jpg
" ✉ ✉ ✉ #belgia #oferta Mechanik samochodowy + kurs norweskiego i norweski czeladnik Oslo ✉ ✉ ✉ Zobacz całą ofertę pracy na portalu: https://oferty-pracy.work/o/belgia/mechanik-samochodowy-kurs-norweskiego-i-norweski-czeladnik-oslo-3-527694?utm_source=PG-EU-07&utm_medium=post&utm_campaign=fejs",https://c1.staticflickr.com/5/4149/4998506878_9bbd3bdbf3_b.jpg
" (y) (y) (y) #norwegia #ofertapracy Pakowacz - praca w ubojni Stavanger (y) (y) (y) Sprawdź całość oferty na witrynie: https://oferty-pracy.work/o/norwegia/pakowacz-praca-w-ubojni-stavanger-526039?utm_source=PG-EU-07&utm_medium=post&utm_campaign=fejs",https://c2.staticflickr.com/1/656/20331310793_82beb25425_h.jpg
" ⤵ ⤵ ⤵ #ofertapracy #norwegia Specjalista ds. sprzedaży mieszkań ⤵ ⤵ ⤵ Sprawdź całą ofertę pracy na: https://oferty-pracy.work/o/norwegia/specjalista-ds-sprzedaa%c2%bcy-mieszkaa-a-527675?utm_source=PG-EU-07&utm_medium=post&utm_campaign=fejs",https://c5.staticflickr.com/8/7081/7388006916_5346fc4a0d_h.jpg
" ⤵ ⤵ ⤵ #ofertapracy #norwegia Specjalista ds. sprzedaży mieszkań ⤵ ⤵ ⤵ Sprawdź całą ofertę pracy na: https://oferty-pracy.work/o/norwegia/specjalista-ds-sprzedaa%c2%bcy-mieszkaa-a-527675?utm_source=PG-EU-07&utm_medium=post&utm_campaign=fejs",https://c5.staticflickr.com/8/7081/7388006916_5346fc4a0d_h.jpg
" ⤴ ⤴ ⤴ #praca #francja Pomocnik dekarza Metz ⤴ ⤴ ⤴ Sprawdź całą ofertę zatrudnienia na stronie: https://oferty-pracy.work/o/francja/pomocnik-dekarza-metz-529839?utm_source=PG-EU-07&utm_medium=post&utm_campaign=fejs",https://c3.staticflickr.com/9/8602/16006364794_c002700129_b.jpg
" O:) O:) O:) #praca #holandia Praca przy sadzonkach truskawek- bez znajomości języka angielskiego - Helmond O:) O:) O:) Zobacz całą ofertę zatrudnienia na portalu: https://oferty-pracy.work/o/holandia/praca-przy-sadzonkach-truskawek-bez-znajomosci-jezyka-angielskiego-helmond-530304?utm_source=PG-EU-07&utm_medium=post&utm_campaign=fejs",https://c2.staticflickr.com/8/7576/15903064881_20d0ec7b8c_b.jpg
" (y) (y) (y) #ofertypracy #holandia PRACOWNIK PRODUKCJI DREWNA (y) (y) (y) Przeczytaj całość oferty na witrynie: https://oferty-pracy.work/o/holandia/pracownik-produkcji-drewna-5-527602?utm_source=PG-EU-07&utm_medium=post&utm_campaign=fejs",https://c2.staticflickr.com/6/5291/14007008994_a7af6e6a3c_b.jpg
" ❓ ❓ ❓ #belgia #ofertapracy Monter okien – Belgia ❓ ❓ ❓ Zobacz całość oferty pracy na portalu: https://oferty-pracy.work/o/belgia/monter-okien-belgia-529292?utm_source=PG-EU-07&utm_medium=post&utm_campaign=fejs",https://c1.staticflickr.com/7/6196/6032700928_14dd9f65ee_b.jpg
" ↗ ↗ ↗ #ofertypracy #holandia PRACOWNIK MYJNI SAMOCHODOWEJ ↗ ↗ ↗ Przeczytaj całość oferty zatrudnienia na: https://oferty-pracy.work/o/holandia/pracownik-myjni-samochodowej-3-527997?utm_source=PG-EU-07&utm_medium=post&utm_campaign=fejs",https://c1.staticflickr.com/1/111/271214885_4ec9ede525_z.jpg?zz=1
" (y) (y) (y) #belgia #oferta Mechanik ciężarówek – Belgia (y) (y) (y) Przeczytaj całość oferty zatrudnienia na stronie: https://oferty-pracy.work/o/belgia/mechanik-ciezarowek-belgia-524282?utm_source=PG-EU-07&utm_medium=post&utm_campaign=fejs",https://c1.staticflickr.com/5/4149/4998506878_9bbd3bdbf3_b.jpg
" ☝ ☝ ☝ #oferta #belgia Operator produkcji (branża spożywcza) ☝ ☝ ☝ Przeczytaj pełną ofertę pracy na: https://oferty-pracy.work/o/belgia/operator-produkcji-branza-spozywcza-528631?utm_source=PG-EU-07&utm_medium=post&utm_campaign=fejs",https://c2.staticflickr.com/6/5610/15453917009_9ae3dcfecd_z.jpg
" ❓ ❓ ❓ #praca #francja Hydraulik / Monter instalacji grzewczych ❓ ❓ ❓ Sprawdź całość oferty zatrudnienia na portalu: https://oferty-pracy.work/o/francja/hydraulik-monter-instalacji-grzewczych-528581?utm_source=PG-EU-07&utm_medium=post&utm_campaign=fejs",https://c3.staticflickr.com/3/2671/4118489114_34e520dddb_b.jpg
" ↗ ↗ ↗ #wielkabrytania #praca Buying Analyst ↗ ↗ ↗ Zobacz pełną ofertę pracy na stronie: https://oferty-pracy.work/o/wielka-brytania/buying-analyst-527474?utm_source=PG-EU-07&utm_medium=post&utm_campaign=fejs",https://c8.staticflickr.com/9/8403/8706453607_a57759673e_h.jpg
" ⚡ ⚡ ⚡ #ofertapracy #wielkabrytania Hydraulik ⚡ ⚡ ⚡ Zobacz całą ofertę zatrudnienia na stronie: https://oferty-pracy.work/o/wielka-brytania/hydraulik-67-526969?utm_source=PG-EU-07&utm_medium=post&utm_campaign=fejs",https://c6.staticflickr.com/5/4005/4673992149_caca90b488_b.jpg
" ❗ ❗ ❗ #oferta #francja Spawacz MIG/MAG/ Ślusarz (DMS/11/20) ❗ ❗ ❗ Sprawdź pełną ofertę na portalu: https://oferty-pracy.work/o/francja/spawacz-mig-mag-slusarz-dms-11-20-527874?utm_source=PG-EU-07&utm_medium=post&utm_campaign=fejs",https://c1.staticflickr.com/6/5086/5238549192_d0e355f576_b.jpg
" ⤴ ⤴ ⤴ #oferta #belgia Malarz natryskowy – Belgia ⤴ ⤴ ⤴ Przeczytaj pełną ofertę zatrudnienia na stronie: https://oferty-pracy.work/o/belgia/malarz-natryskowy-belgia-529283?utm_source=PG-EU-07&utm_medium=post&utm_campaign=fejs",https://c1.staticflickr.com/5/4149/4998506878_9bbd3bdbf3_b.jpg
" ☎ ☎ ☎ #ofertapracy #francja Rzeźnik - praca we Francji ☎ ☎ ☎ Przeczytaj całość oferty zatrudnienia na witrynie: https://oferty-pracy.work/o/francja/rzeznik-praca-we-francji-498653?utm_source=PG-EU-07&utm_medium=post&utm_campaign=fejs",https://c2.staticflickr.com/9/8191/8110290185_175b3516c0_b.jpg
" O:) O:) O:) #praca #holandia Pomocnik budowlany (praca przy rozbiórkach) – Holandia O:) O:) O:) Sprawdź całą ofertę na portalu: https://oferty-pracy.work/o/holandia/pomocnik-budowlany-praca-przy-rozbiorkach-holandia-526203?utm_source=PG-EU-07&utm_medium=post&utm_campaign=fejs",https://c2.staticflickr.com/4/3946/15675463351_6772d55c04_h.jpg
" ✋ ✋ ✋ #oferta #wielkabrytania Lockstitch Machinist Hinckley ✋ ✋ ✋ Sprawdź całą ofertę zatrudnienia na stronie: https://oferty-pracy.work/o/wielka-brytania/lockstitch-machinist-hinckley-528786?utm_source=PG-EU-07&utm_medium=post&utm_campaign=fejs",https://c7.staticflickr.com/9/8522/8672040494_9181fd9a50_b.jpg
" ❓ ❓ ❓ #ofertapracy #norwegia Erfarne gulvleggere til vår kunde i Stavanger Stavanger ❓ ❓ ❓ Przeczytaj pełną ofertę zatrudnienia na witrynie: https://oferty-pracy.work/o/norwegia/erfarne-gulvleggere-til-var-kunde-i-stavanger-stavanger-526512?utm_source=PG-EU-07&utm_medium=post&utm_campaign=fejs",https://c2.staticflickr.com/1/656/20331310793_82beb25425_h.jpg
" ☝ ☝ ☝ #norwegia #oferta Mechanik samochodowy, Norwegia Oslo ☝ ☝ ☝ Przeczytaj pełną ofertę na portalu: https://oferty-pracy.work/o/norwegia/mechanik-samochodowy-norwegia-oslo-526892?utm_source=PG-EU-07&utm_medium=post&utm_campaign=fejs",https://c5.staticflickr.com/8/7081/7388006916_5346fc4a0d_h.jpg
" ☎ ☎ ☎ #oferta #holandia Praca w Holandii: Operator wózka widłowego ReachTruck ☎ ☎ ☎ Sprawdź pełną ofertę pracy na witrynie: https://oferty-pracy.work/o/holandia/praca-w-holandii-operator-wozka-widlowego-reachtruck-528014?utm_source=PG-EU-07&utm_medium=post&utm_campaign=fejs",https://c2.staticflickr.com/4/3153/2318193079_3c6f6b7d93_b.jpg
" ⚡ ⚡ ⚡ #praca #wielkabrytania Cleaning Operative- Sprzataczki Woking ⚡ ⚡ ⚡ Sprawdź całość oferty na: https://oferty-pracy.work/o/wielka-brytania/cleaning-operative-sprzataczki-woking-530272?utm_source=PG-EU-07&utm_medium=post&utm_campaign=fejs",https://c2.staticflickr.com/8/7389/11287896505_431209fa43_h.jpg
" ⚡ ⚡ ⚡ #francja #ofertapracy Monter instalacji CO - Francja (AW) Lyon ⚡ ⚡ ⚡ Sprawdź całość oferty zatrudnienia na portalu: https://oferty-pracy.work/o/francja/monter-instalacji-co-francja-aw-lyon-529838?utm_source=PG-EU-07&utm_medium=post&utm_campaign=fejs",https://c1.staticflickr.com/4/3112/2506655768_51def51140_b.jpg
" ;) ;) ;) #ofertapracy #niemcy PRACOWNIK FIZYCZNY DO SKANOWANIA I ETYKIETOWANIA TOWARÓW ;) ;) ;) Zobacz pełną ofertę na stronie: https://oferty-pracy.work/o/niemcy/pracownik-fizyczny-do-skanowania-i-etykietowania-towarow-528228?utm_source=PG-EU-07&utm_medium=post&utm_campaign=fejs",https://c2.staticflickr.com/6/5020/5454773902_26dafc2374_z.jpg
" ❗ ❗ ❗ #ofertypracy #wielkabrytania Registered General Nurse - Intensive Care ❗ ❗ ❗ Zobacz całość oferty pracy na portalu: https://oferty-pracy.work/o/wielka-brytania/registered-general-nurse-intensive-care-530015?utm_source=PG-EU-07&utm_medium=post&utm_campaign=fejs",https://c7.staticflickr.com/2/1164/1302205182_ce337b26f5_b.jpg
" ❕ ❕ ❕ #holandia #ofertapracy Veghel: Pakowanie słodyczy bez angielskiego ❕ ❕ ❕ Przeczytaj pełną ofertę na stronie: https://oferty-pracy.work/o/holandia/veghel-pakowanie-slodyczy-bez-angielskiego-527986?utm_source=PG-EU-07&utm_medium=post&utm_campaign=fejs",https://c2.staticflickr.com/4/3860/14212617880_a10d8acfcd_b.jpg
" ✉ ✉ ✉ #francja #oferta Pracownik Gospodarstwa Lille ✉ ✉ ✉ Przeczytaj całość oferty zatrudnienia na stronie: https://oferty-pracy.work/o/francja/pracownik-gospodarstwa-lille-3-525660?utm_source=PG-EU-07&utm_medium=post&utm_campaign=fejs",https://c1.staticflickr.com/4/3112/2506655768_51def51140_b.jpg
" ↗ ↗ ↗ #ofertypracy #francja Mechanik samochodowy Avignon ↗ ↗ ↗ Sprawdź całą ofertę pracy na: https://oferty-pracy.work/o/francja/mechanik-samochodowy-avignon-4-527333?utm_source=PG-EU-07&utm_medium=post&utm_campaign=fejs",https://c2.staticflickr.com/9/8364/8312077657_a76897b09a_b.jpg
" 3:) 3:) 3:) #ofertypracy #belgia Monter renowacji sieci kanalizacji (CIPP UV) (SMU/11/20) 3:) 3:) 3:) Sprawdź całą ofertę zatrudnienia na witrynie: https://oferty-pracy.work/o/belgia/monter-renowacji-sieci-kanalizacji-cipp-uv-smu-11-20-4-529561?utm_source=PG-EU-07&utm_medium=post&utm_campaign=fejs",https://c1.staticflickr.com/5/4149/4998506878_9bbd3bdbf3_b.jpg
" ⤵ ⤵ ⤵ #oferta #wielkabrytania Installation Technician - Vehicles ⤵ ⤵ ⤵ Zobacz pełną ofertę zatrudnienia na: https://oferty-pracy.work/o/wielka-brytania/installation-technician-vehicles-527271?utm_source=PG-EU-07&utm_medium=post&utm_campaign=fejs",https://c7.staticflickr.com/9/8522/8672040494_9181fd9a50_b.jpg
" ❕ ❕ ❕ #praca #niemcy Budowlany/rozbiórka pomocnik ❕ ❕ ❕ Zobacz całość oferty na stronie: https://oferty-pracy.work/o/niemcy/budowlany-rozbiorka-pomocnik-505173?utm_source=PG-EU-07&utm_medium=post&utm_campaign=fejs",https://c1.staticflickr.com/1/66/182339698_1617d74525_z.jpg
" ❓ ❓ ❓ #belgia #oferta Pracownik wykończenia wnętrz – Belgia ❓ ❓ ❓ Zobacz pełną ofertę na portalu: https://oferty-pracy.work/o/belgia/pracownik-wykonczenia-wnetrz-belgia-526189?utm_source=PG-EU-07&utm_medium=post&utm_campaign=fejs",https://c1.staticflickr.com/7/6010/6207700090_2fd8438f41_b.jpg
" (y) (y) (y) #wielkabrytania #ofertypracy FTTP Telecoms Surveyor (y) (y) (y) Przeczytaj całą ofertę zatrudnienia na stronie: https://oferty-pracy.work/o/wielka-brytania/fttp-telecoms-surveyor-530337?utm_source=PG-EU-07&utm_medium=post&utm_campaign=fejs",https://c2.staticflickr.com/4/3940/15705649361_22af17d509_h.jpg
" ↗ ↗ ↗ #oferta #niemcy Opiekunka z podstawowym niemieckim do seniorki w Lingenfeld ↗ ↗ ↗ Zobacz całą ofertę pracy na portalu: https://oferty-pracy.work/o/niemcy/opiekunka-z-podstawowym-niemieckim-do-seniorki-w-lingenfeld-527657?utm_source=PG-EU-07&utm_medium=post&utm_campaign=fejs",https://c2.staticflickr.com/4/3705/13242020765_cb60cb21ba_z.jpg
" ✋ ✋ ✋ #holandia #oferta Monter drzwi i okien – Holandia (550€ netto/40h) ✋ ✋ ✋ Sprawdź pełną ofertę pracy na witrynie: https://oferty-pracy.work/o/holandia/monter-drzwi-i-okien-holandia-550e-netto-40h-526197?utm_source=PG-EU-07&utm_medium=post&utm_campaign=fejs",https://c2.staticflickr.com/6/5291/14007008994_a7af6e6a3c_b.jpg
