" ↘ ↘ ↘ #francja #ofertapracy Hydraulik / Monter instalacji grzewczych ↘ ↘ ↘ Zobacz całość oferty na stronie: https://oferty-pracy.work/o/francja/hydraulik-monter-instalacji-grzewczych-528581?utm_source=PG-EU-06&utm_medium=post&utm_campaign=fejs",https://c1.staticflickr.com/4/3112/2506655768_51def51140_b.jpg
" :D :D :D #niemcy #ofertypracy PRACOWNIK MAGAZYNU Z ART. SPOŻYWCZYMI BEZ ZNAJOMOŚCI JĘZYKA NIEMIECKIEGO :D :D :D Zobacz całość oferty pracy na: https://oferty-pracy.work/o/niemcy/pracownik-magazynu-z-art-spozywczymi-bez-znajomosci-jezyka-niemieckiego-528629?utm_source=PG-EU-06&utm_medium=post&utm_campaign=fejs",https://c2.staticflickr.com/4/3899/14511514218_7cb9f05e66_z.jpg
" ❓ ❓ ❓ #ofertypracy #belgia Monter fasad – Belgia ❓ ❓ ❓ Sprawdź całość oferty na: https://oferty-pracy.work/o/belgia/monter-fasad-belgia-526183?utm_source=PG-EU-06&utm_medium=post&utm_campaign=fejs",https://c1.staticflickr.com/7/6196/6032700928_14dd9f65ee_b.jpg
" 3:) 3:) 3:) #holandia #oferta ORDER PICKER - 10.04€ - OLDENZAAL 3:) 3:) 3:) Zobacz całość oferty na portalu: https://oferty-pracy.work/o/holandia/order-picker-10-04e-oldenzaal-527736?utm_source=PG-EU-06&utm_medium=post&utm_campaign=fejs",https://c2.staticflickr.com/6/5746/20540478542_91911b7a5a_b.jpg
" ↘ ↘ ↘ #wielkabrytania #oferta Dental Nurse - 12 Month FTC ↘ ↘ ↘ Przeczytaj całą ofertę zatrudnienia na witrynie: https://oferty-pracy.work/o/wielka-brytania/dental-nurse-12-month-ftc-527766?utm_source=PG-EU-06&utm_medium=post&utm_campaign=fejs",https://c7.staticflickr.com/9/8522/8672040494_9181fd9a50_b.jpg
" ↗ ↗ ↗ #norwegia #oferta Ubojowiec Ubój Wołowy Stavanger ↗ ↗ ↗ Zobacz całość oferty pracy na stronie: https://oferty-pracy.work/o/norwegia/ubojowiec-uboj-wolowy-stavanger-8-526515?utm_source=PG-EU-06&utm_medium=post&utm_campaign=fejs",https://c2.staticflickr.com/1/656/20331310793_82beb25425_h.jpg
" ↗ ↗ ↗ #ofertapracy #norwegia Pakowacz - praca w ubojni Stavanger ↗ ↗ ↗ Sprawdź całość oferty pracy na stronie: https://oferty-pracy.work/o/norwegia/pakowacz-praca-w-ubojni-stavanger-526039?utm_source=PG-EU-06&utm_medium=post&utm_campaign=fejs",https://c2.staticflickr.com/4/3827/10625014145_ee2701c544_h.jpg
" O:) O:) O:) #ofertapracy #holandia Lakiernik przemysłowy O:) O:) O:) Sprawdź pełną ofertę zatrudnienia na portalu: https://oferty-pracy.work/o/holandia/lakiernik-przemyslowy-29-527988?utm_source=PG-EU-06&utm_medium=post&utm_campaign=fejs",https://c2.staticflickr.com/6/5291/14007008994_a7af6e6a3c_b.jpg
" ⚠ ⚠ ⚠ #praca #holandia Praca przy produkcji sera i dojeniu krow-Dirksland/ Praca u gospodarza. ⚠ ⚠ ⚠ Sprawdź całość oferty pracy na: https://oferty-pracy.work/o/holandia/praca-przy-produkcji-sera-i-dojeniu-krow-dirksland-praca-u-gospodarza-527995?utm_source=PG-EU-06&utm_medium=post&utm_campaign=fejs",https://c1.staticflickr.com/5/4128/5086325483_026545690c_b.jpg
" ⤴ ⤴ ⤴ #ofertypracy #norwegia Cieśla - Dekarz Røldal ⤴ ⤴ ⤴ Przeczytaj całą ofertę na witrynie: https://oferty-pracy.work/o/norwegia/ciesla-dekarz-roldal-528784?utm_source=PG-EU-06&utm_medium=post&utm_campaign=fejs",https://c2.staticflickr.com/1/656/20331310793_82beb25425_h.jpg
" ⭐ ⭐ ⭐ #oferta #norwegia Malarz przemysłowy ⭐ ⭐ ⭐ Zobacz całość oferty pracy na stronie: https://oferty-pracy.work/o/norwegia/malarz-przemyslowy-2-528785?utm_source=PG-EU-06&utm_medium=post&utm_campaign=fejs",https://c2.staticflickr.com/1/748/23433932481_e359ef137c_h.jpg
" ➡ ➡ ➡ #niemcy #ofertypracy Tapicer meblowy / samochodowy ➡ ➡ ➡ Zobacz całość oferty na witrynie: https://oferty-pracy.work/o/niemcy/tapicer-meblowy-samochodowy-2-528758?utm_source=PG-EU-06&utm_medium=post&utm_campaign=fejs",http://c2.staticflickr.com/8/7115/7664343278_bc3f43cb11_b.jpg
" ➡ ➡ ➡ #belgia #praca Murarz (renowacje) ➡ ➡ ➡ Sprawdź całą ofertę na stronie: https://oferty-pracy.work/o/belgia/murarz-renowacje-4-526428?utm_source=PG-EU-06&utm_medium=post&utm_campaign=fejs",https://c1.staticflickr.com/5/4107/5089064949_21662c437f_b.jpg
" ⚡ ⚡ ⚡ #ofertypracy #wielkabrytania Bakery Bristol ⚡ ⚡ ⚡ Zobacz pełną ofertę pracy na stronie: https://oferty-pracy.work/o/wielka-brytania/bakery-bristol-526893?utm_source=PG-EU-06&utm_medium=post&utm_campaign=fejs",https://c8.staticflickr.com/8/7427/13997718935_ea3b162833_h.jpg
" ⚡ ⚡ ⚡ #belgia #praca Technik HVAC – Belgia ⚡ ⚡ ⚡ Sprawdź pełną ofertę pracy na witrynie: https://oferty-pracy.work/o/belgia/technik-hvac-belgia-524980?utm_source=PG-EU-06&utm_medium=post&utm_campaign=fejs",https://c1.staticflickr.com/5/4125/5089051595_26bd00f7c0_b.jpg
" ⭐ ⭐ ⭐ #belgia #oferta Spawacz aluminium – Belgia ⭐ ⭐ ⭐ Sprawdź całą ofertę pracy na portalu: https://oferty-pracy.work/o/belgia/spawacz-aluminium-belgia-524989?utm_source=PG-EU-06&utm_medium=post&utm_campaign=fejs",https://c2.staticflickr.com/4/3865/14827042189_8e0028a0d6_b.jpg
" ⭐ ⭐ ⭐ #belgia #oferta Spawacz aluminium – Belgia ⭐ ⭐ ⭐ Sprawdź całą ofertę pracy na portalu: https://oferty-pracy.work/o/belgia/spawacz-aluminium-belgia-524989?utm_source=PG-EU-06&utm_medium=post&utm_campaign=fejs",https://c2.staticflickr.com/4/3865/14827042189_8e0028a0d6_b.jpg
" ☝ ☝ ☝ #oferta #wielkabrytania SEN Teacher ☝ ☝ ☝ Sprawdź pełną ofertę na: https://oferty-pracy.work/o/wielka-brytania/sen-teacher-527272?utm_source=PG-EU-06&utm_medium=post&utm_campaign=fejs",https://c1.staticflickr.com/9/8152/7377899512_0b6a5e5585_h.jpg
" ☎ ☎ ☎ #belgia #oferta Hydraulik – Belgia ☎ ☎ ☎ Zobacz pełną ofertę zatrudnienia na stronie: https://oferty-pracy.work/o/belgia/hydraulik-belgia-524291?utm_source=PG-EU-06&utm_medium=post&utm_campaign=fejs",https://c2.staticflickr.com/6/5224/5606606522_f2b12f52bf_b.jpg
" ➡ ➡ ➡ #ofertypracy #norwegia Elektrikere til Stavanger Stavanger ➡ ➡ ➡ Przeczytaj całą ofertę zatrudnienia na stronie: https://oferty-pracy.work/o/norwegia/elektrikere-til-stavanger-stavanger-528780?utm_source=PG-EU-06&utm_medium=post&utm_campaign=fejs",https://c4.staticflickr.com/6/5703/20358607923_8d9ffdb4e0_h.jpg
" ❗ ❗ ❗ #francja #praca Monter instalacji sanitarnych / Spawacz ❗ ❗ ❗ Przeczytaj pełną ofertę pracy na: https://oferty-pracy.work/o/francja/monter-instalacji-sanitarnych-spawacz-528563?utm_source=PG-EU-06&utm_medium=post&utm_campaign=fejs",https://c1.staticflickr.com/6/5086/5238549192_d0e355f576_b.jpg
" ⚡ ⚡ ⚡ #niemcy #oferta PRACOWNIK REMONTOWY ⚡ ⚡ ⚡ Zobacz pełną ofertę pracy na portalu: https://oferty-pracy.work/o/niemcy/pracownik-remontowy-2-527944?utm_source=PG-EU-06&utm_medium=post&utm_campaign=fejs",https://c2.staticflickr.com/4/3875/14578321014_e5f921c3c8_c.jpg
" ↘ ↘ ↘ #praca #francja Pomocnik budowlany/pracownik ogólnobudowlany/elektryk Nice ↘ ↘ ↘ Sprawdź pełną ofertę zatrudnienia na portalu: https://oferty-pracy.work/o/francja/pomocnik-budowlany-pracownik-ogolnobudowlany-elektryk-nice-527562?utm_source=PG-EU-06&utm_medium=post&utm_campaign=fejs",https://c6.staticflickr.com/6/5590/15109324165_dda17ca6d6_b.jpg
" (y) (y) (y) #ofertypracy #holandia Inpakker / Pracownik produkcji +/-320€-400€ netto tyg. Utrecht (y) (y) (y) Zobacz pełną ofertę na portalu: https://oferty-pracy.work/o/holandia/inpakker-pracownik-produkcji-320e-400e-netto-tyg-utrecht-530294?utm_source=PG-EU-06&utm_medium=post&utm_campaign=fejs",https://c1.staticflickr.com/3/2724/5716397597_8057dca8af_b.jpg
" ⚡ ⚡ ⚡ #francja #ofertypracy Pracownik produkcji wędlin Loyettes ⚡ ⚡ ⚡ Zobacz pełną ofertę zatrudnienia na: https://oferty-pracy.work/o/francja/pracownik-produkcji-wedlin-loyettes-528139?utm_source=PG-EU-06&utm_medium=post&utm_campaign=fejs",https://c3.staticflickr.com/3/2671/4118489114_34e520dddb_b.jpg
" ❕ ❕ ❕ #ofertypracy #belgia Pracownik wykończenia wnętrz – Belgia ❕ ❕ ❕ Przeczytaj całą ofertę na stronie: https://oferty-pracy.work/o/belgia/pracownik-wykonczenia-wnetrz-belgia-526189?utm_source=PG-EU-06&utm_medium=post&utm_campaign=fejs",https://c1.staticflickr.com/7/6128/6032138651_19ff79795e_b.jpg
" ➡ ➡ ➡ #holandia #oferta Monter drzwi i okien – Holandia (550€ netto/40h) ➡ ➡ ➡ Sprawdź całą ofertę zatrudnienia na stronie: https://oferty-pracy.work/o/holandia/monter-drzwi-i-okien-holandia-550e-netto-40h-526197?utm_source=PG-EU-06&utm_medium=post&utm_campaign=fejs",https://c2.staticflickr.com/4/3755/13376453734_4bcff1908c_h.jpg
" ⚠ ⚠ ⚠ #oferta #francja Monter elementów wykończeniowych (CTS/10/20) ⚠ ⚠ ⚠ Zobacz całość oferty na stronie: https://oferty-pracy.work/o/francja/monter-elementow-wykonczeniowych-cts-10-20-525980?utm_source=PG-EU-06&utm_medium=post&utm_campaign=fejs",https://c1.staticflickr.com/4/3112/2506655768_51def51140_b.jpg
" ❓ ❓ ❓ #oferta #wielkabrytania Consultant- Emergency Medicine ❓ ❓ ❓ Sprawdź pełną ofertę pracy na witrynie: https://oferty-pracy.work/o/wielka-brytania/consultant-emergency-medicine-526972?utm_source=PG-EU-06&utm_medium=post&utm_campaign=fejs",https://c8.staticflickr.com/8/7427/13997718935_ea3b162833_h.jpg
" ❗ ❗ ❗ #norwegia #ofertapracy Mechanik samochodowy, Norwegia Oslo ❗ ❗ ❗ Przeczytaj całość oferty na portalu: https://oferty-pracy.work/o/norwegia/mechanik-samochodowy-norwegia-oslo-526892?utm_source=PG-EU-06&utm_medium=post&utm_campaign=fejs",https://c4.staticflickr.com/6/5703/20358607923_8d9ffdb4e0_h.jpg
" ⭐ ⭐ ⭐ #norwegia #ofertapracy Malarz Ciśnieniowy Metalizator Stavanger ⭐ ⭐ ⭐ Sprawdź całą ofertę pracy na portalu: https://oferty-pracy.work/o/norwegia/malarz-cisnieniowy-metalizator-stavanger-6-526514?utm_source=PG-EU-06&utm_medium=post&utm_campaign=fejs",https://c8.staticflickr.com/2/1660/23404843863_1877ce24b0_h.jpg
" ✈ ✈ ✈ #francja #praca Monter instalacji CO - Francja (AW) Lyon ✈ ✈ ✈ Przeczytaj całość oferty pracy na portalu: https://oferty-pracy.work/o/francja/monter-instalacji-co-francja-aw-lyon-529838?utm_source=PG-EU-06&utm_medium=post&utm_campaign=fejs",https://c5.staticflickr.com/6/5086/5238557764_f2f9987833_b.jpg
" O:) O:) O:) #belgia #ofertapracy Operator wózka reachtruck (double deep) O:) O:) O:) Przeczytaj całą ofertę zatrudnienia na: https://oferty-pracy.work/o/belgia/operator-wozka-reachtruck-double-deep-528588?utm_source=PG-EU-06&utm_medium=post&utm_campaign=fejs",https://c1.staticflickr.com/7/6010/6207700090_2fd8438f41_b.jpg
" ☎ ☎ ☎ #ofertypracy #wielkabrytania Gas Installer self employed ☎ ☎ ☎ Przeczytaj pełną ofertę na stronie: https://oferty-pracy.work/o/wielka-brytania/gas-installer-self-employed-527479?utm_source=PG-EU-06&utm_medium=post&utm_campaign=fejs",https://c7.staticflickr.com/3/2311/1508319950_4fede310ba_b.jpg
" (y) (y) (y) #ofertapracy #belgia Elektryk Przemysłowy – Belgia (y) (y) (y) Zobacz całość oferty na: https://oferty-pracy.work/o/belgia/elektryk-przemyslowy-belgia-2-528076?utm_source=PG-EU-06&utm_medium=post&utm_campaign=fejs",https://c1.staticflickr.com/7/6128/6032138651_19ff79795e_b.jpg
" ❕ ❕ ❕ #holandia #oferta Magazynier - praca fizyczna ❕ ❕ ❕ Przeczytaj całość oferty pracy na witrynie: https://oferty-pracy.work/o/holandia/magazynier-praca-fizyczna-16-527987?utm_source=PG-EU-06&utm_medium=post&utm_campaign=fejs",https://c1.staticflickr.com/5/4077/4912497357_236fe3faf8_b.jpg
" ⤵ ⤵ ⤵ #ofertypracy #niemcy Pracownik produkcji - Niemcy, Michelau ⤵ ⤵ ⤵ Przeczytaj pełną ofertę zatrudnienia na witrynie: https://oferty-pracy.work/o/niemcy/pracownik-produkcji-niemcy-michelau-5-527854?utm_source=PG-EU-06&utm_medium=post&utm_campaign=fejs",https://c2.staticflickr.com/8/7331/11856244046_6d777894bd_z.jpg
" ⤵ ⤵ ⤵ #praca #norwegia DLUGI PROJEKT DLA CIESLI KONSTRUKCYJNYCH Florø ⤵ ⤵ ⤵ Zobacz pełną ofertę zatrudnienia na: https://oferty-pracy.work/o/norwegia/dlugi-projekt-dla-ciesli-konstrukcyjnych-floro-10-527952?utm_source=PG-EU-06&utm_medium=post&utm_campaign=fejs",https://c3.staticflickr.com/4/3792/9508382946_97d06efc27_h.jpg
" ⤴ ⤴ ⤴ #praca #holandia PAKOWANIE SADZONEK TRUSKAWEK W HOLANDII (M/K) ⤴ ⤴ ⤴ Zobacz pełną ofertę pracy na witrynie: https://oferty-pracy.work/o/holandia/pakowanie-sadzonek-truskawek-w-holandii-m-k-528015?utm_source=PG-EU-06&utm_medium=post&utm_campaign=fejs",https://c1.staticflickr.com/5/4064/4688525273_805e6103d2_b.jpg
" ⤴ ⤴ ⤴ #niemcy #oferta PAKOWANIE TOWARU ⤴ ⤴ ⤴ Przeczytaj pełną ofertę zatrudnienia na portalu: https://oferty-pracy.work/o/niemcy/pakowanie-towaru-2-529128?utm_source=PG-EU-06&utm_medium=post&utm_campaign=fejs",https://c2.staticflickr.com/8/7331/11856244046_6d777894bd_z.jpg
" ⚠ ⚠ ⚠ #wielkabrytania #ofertapracy PVG CLEANERS ⚠ ⚠ ⚠ Przeczytaj całą ofertę zatrudnienia na portalu: https://oferty-pracy.work/o/wielka-brytania/pvg-cleaners-529742?utm_source=PG-EU-06&utm_medium=post&utm_campaign=fejs",https://c7.staticflickr.com/3/2311/1508319950_4fede310ba_b.jpg
" ;) ;) ;) #ofertypracy #wielkabrytania English Teacher - Job of the week ;) ;) ;) Przeczytaj całość oferty zatrudnienia na witrynie: https://oferty-pracy.work/o/wielka-brytania/english-teacher-job-of-the-week-529061?utm_source=PG-EU-06&utm_medium=post&utm_campaign=fejs",https://c7.staticflickr.com/1/187/414918350_e617f14b36_b.jpg]
" 3:) 3:) 3:) #oferta #belgia Monter stolarki budowlanej  (AMS/11/20) 3:) 3:) 3:) Zobacz całość oferty pracy na witrynie: https://oferty-pracy.work/o/belgia/monter-stolarki-budowlanej-ams-11-20-529479?utm_source=PG-EU-06&utm_medium=post&utm_campaign=fejs",https://c2.staticflickr.com/4/3865/14827042189_8e0028a0d6_b.jpg
" ❗ ❗ ❗ #ofertypracy #belgia Operator giętarki CNC – Belgia ❗ ❗ ❗ Sprawdź pełną ofertę pracy na portalu: https://oferty-pracy.work/o/belgia/operator-gietarki-cnc-belgia-2-528082?utm_source=PG-EU-06&utm_medium=post&utm_campaign=fejs",https://c1.staticflickr.com/7/6128/6032138651_19ff79795e_b.jpg
" ✉ ✉ ✉ #niemcy #ofertapracy Mechanik samochodów osobowych – Niemcy ✉ ✉ ✉ Przeczytaj całą ofertę zatrudnienia na stronie: https://oferty-pracy.work/o/niemcy/mechanik-samochodow-osobowych-niemcy-525874?utm_source=PG-EU-06&utm_medium=post&utm_campaign=fejs",https://c1.staticflickr.com/1/66/182339698_1617d74525_z.jpg
" O:) O:) O:) #francja #oferta Monter/Spawacz MAG 135 Nantes O:) O:) O:) Zobacz pełną ofertę na: https://oferty-pracy.work/o/francja/monter-spawacz-mag-135-nantes-527332?utm_source=PG-EU-06&utm_medium=post&utm_campaign=fejs",https://c2.staticflickr.com/9/8191/8110290185_175b3516c0_b.jpg
" ❕ ❕ ❕ #praca #belgia Cukiernik – Belgia ❕ ❕ ❕ Zobacz całą ofertę zatrudnienia na portalu: https://oferty-pracy.work/o/belgia/cukiernik-belgia-524273?utm_source=PG-EU-06&utm_medium=post&utm_campaign=fejs",https://c1.staticflickr.com/7/6128/6032138651_19ff79795e_b.jpg
" ⚠ ⚠ ⚠ #praca #wielkabrytania Multi drop delivery position ⚠ ⚠ ⚠ Zobacz całą ofertę pracy na: https://oferty-pracy.work/o/wielka-brytania/multi-drop-delivery-position-528022?utm_source=PG-EU-06&utm_medium=post&utm_campaign=fejs",https://c2.staticflickr.com/8/7389/11287896505_431209fa43_h.jpg
" ✉ ✉ ✉ #francja #oferta Pomocnik dekarza Metz ✉ ✉ ✉ Zobacz pełną ofertę zatrudnienia na: https://oferty-pracy.work/o/francja/pomocnik-dekarza-metz-2-529840?utm_source=PG-EU-06&utm_medium=post&utm_campaign=fejs",https://c2.staticflickr.com/9/8364/8312077657_a76897b09a_b.jpg
