" ⭐ ⭐ ⭐ #ofertypracy #niemcy PRACOWNIK PRODUKCJI ⭐ ⭐ ⭐ Przeczytaj całość oferty pracy na: https://oferty-pracy.work/o/niemcy/pracownik-produkcji-136-527880?utm_source=PG-EU-05&utm_medium=post&utm_campaign=fejs",https://c2.staticflickr.com/4/3874/14798621115_c161edb240_z.jpg
" ➡ ➡ ➡ #praca #holandia Praca przy pakowaniu/cięciu wędlin w Nuth NOWA Nuth ➡ ➡ ➡ Sprawdź całość oferty pracy na: https://oferty-pracy.work/o/holandia/praca-przy-pakowaniu-cieciu-wedlin-w-nuth-nowa-nuth-527564?utm_source=PG-EU-05&utm_medium=post&utm_campaign=fejs",https://c2.staticflickr.com/4/3755/13376453734_4bcff1908c_h.jpg
" ☎ ☎ ☎ #praca #wielkabrytania Cryptography/Security - Help required ☎ ☎ ☎ Przeczytaj całość oferty pracy na witrynie: https://oferty-pracy.work/o/wielka-brytania/cryptography-security-help-required-529744?utm_source=PG-EU-05&utm_medium=post&utm_campaign=fejs",https://c8.staticflickr.com/9/8403/8706453607_a57759673e_h.jpg
" ➡ ➡ ➡ #praca #niemcy Pracownik produkcji - Niemcy, Michelau - praca dla par ➡ ➡ ➡ Sprawdź pełną ofertę na portalu: https://oferty-pracy.work/o/niemcy/pracownik-produkcji-niemcy-michelau-praca-dla-par-527626?utm_source=PG-EU-05&utm_medium=post&utm_campaign=fejs",https://c1.staticflickr.com/1/106/288842723_7eaa0f55de_z.jpg
" ⤴ ⤴ ⤴ #norwegia #praca Cieśla Oslo ⤴ ⤴ ⤴ Sprawdź całą ofertę zatrudnienia na: https://oferty-pracy.work/o/norwegia/ciesla-oslo-528781?utm_source=PG-EU-05&utm_medium=post&utm_campaign=fejs",https://c4.staticflickr.com/6/5022/5728931227_47b4572bf0_b.jpg
" ❕ ❕ ❕ #ofertypracy #niemcy POMOCNIK PRODUKCJI W BRANŻY MOTORYZACYJNEJ (K/M) ❕ ❕ ❕ Zobacz całość oferty na stronie: https://oferty-pracy.work/o/niemcy/pomocnik-produkcji-w-branzy-motoryzacyjnej-k-m-528226?utm_source=PG-EU-05&utm_medium=post&utm_campaign=fejs",http://c1.staticflickr.com/5/4136/4749858989_0810e16fc3_b.jpg
" ☀ ☀ ☀ #wielkabrytania #praca SEN PPA Teacher- Notting Hill ☀ ☀ ☀ Przeczytaj całość oferty na: https://oferty-pracy.work/o/wielka-brytania/sen-ppa-teacher-notting-hill-529217?utm_source=PG-EU-05&utm_medium=post&utm_campaign=fejs",https://c7.staticflickr.com/2/1164/1302205182_ce337b26f5_b.jpg
" :D :D :D #praca #belgia Wulkanizator – Belgia :D :D :D Sprawdź całą ofertę na portalu: https://oferty-pracy.work/o/belgia/wulkanizator-belgia-529277?utm_source=PG-EU-05&utm_medium=post&utm_campaign=fejs",https://c1.staticflickr.com/7/6128/6032138651_19ff79795e_b.jpg
" :D :D :D #ofertapracy #francja Monter instalacji sanitarnych / Spawacz :D :D :D Sprawdź całą ofertę na portalu: https://oferty-pracy.work/o/francja/monter-instalacji-sanitarnych-spawacz-528563?utm_source=PG-EU-05&utm_medium=post&utm_campaign=fejs",https://c1.staticflickr.com/4/3112/2506655768_51def51140_b.jpg
" ➡ ➡ ➡ #oferta #francja Monter instalacji CO - Francja (AW) Lyon ➡ ➡ ➡ Zobacz pełną ofertę zatrudnienia na: https://oferty-pracy.work/o/francja/monter-instalacji-co-francja-aw-lyon-529838?utm_source=PG-EU-05&utm_medium=post&utm_campaign=fejs",https://c6.staticflickr.com/6/5590/15109324165_dda17ca6d6_b.jpg
" ☎ ☎ ☎ #oferta #norwegia Erfarne malere til stor prosjekt i Haugesund Haugesund ☎ ☎ ☎ Zobacz pełną ofertę pracy na witrynie: https://oferty-pracy.work/o/norwegia/erfarne-malere-til-stor-prosjekt-i-haugesund-haugesund-3-527950?utm_source=PG-EU-05&utm_medium=post&utm_campaign=fejs",https://c6.staticflickr.com/4/3922/14934762885_6ecf32d37a_h.jpg
" ;) ;) ;) #norwegia #praca Elektrikere til onshore prosjekter. Porsgrunn ;) ;) ;) Przeczytaj całość oferty na portalu: https://oferty-pracy.work/o/norwegia/elektrikere-til-onshore-prosjekter-porsgrunn-3-527953?utm_source=PG-EU-05&utm_medium=post&utm_campaign=fejs",https://c1.staticflickr.com/6/5597/15377071480_f98aaa920b_h.jpg
" ✋ ✋ ✋ #norwegia #ofertypracy Malarz przemysłowy ✋ ✋ ✋ Przeczytaj całą ofertę zatrudnienia na witrynie: https://oferty-pracy.work/o/norwegia/malarz-przemyslowy-2-528785?utm_source=PG-EU-05&utm_medium=post&utm_campaign=fejs",https://c8.staticflickr.com/2/1660/23404843863_1877ce24b0_h.jpg
" ↗ ↗ ↗ #oferta #francja Spawacz MAG 135 Besançon ↗ ↗ ↗ Przeczytaj całość oferty na stronie: https://oferty-pracy.work/o/francja/spawacz-mag-135-besancon-527078?utm_source=PG-EU-05&utm_medium=post&utm_campaign=fejs",https://c2.staticflickr.com/9/8364/8312077657_a76897b09a_b.jpg
" ⚠ ⚠ ⚠ #praca #niemcy Operator wózka widłowego – Niemcy ⚠ ⚠ ⚠ Zobacz całą ofertę zatrudnienia na witrynie: https://oferty-pracy.work/o/niemcy/operator-wozka-widlowego-niemcy-2-524243?utm_source=PG-EU-05&utm_medium=post&utm_campaign=fejs",https://c2.staticflickr.com/2/1276/638513554_dc3742d5c5_z.jpg
" ⭐ ⭐ ⭐ #ofertypracy #belgia Pracownik fizyczny (JBR/10/20) ⭐ ⭐ ⭐ Przeczytaj całą ofertę zatrudnienia na witrynie: https://oferty-pracy.work/o/belgia/pracownik-fizyczny-jbr-10-20-525700?utm_source=PG-EU-05&utm_medium=post&utm_campaign=fejs",https://c2.staticflickr.com/4/3865/14827042189_8e0028a0d6_b.jpg
" ⚡ ⚡ ⚡ #belgia #ofertypracy Cieśla szalunkowy ⚡ ⚡ ⚡ Sprawdź całość oferty na: https://oferty-pracy.work/o/belgia/ciesla-szalunkowy-528634?utm_source=PG-EU-05&utm_medium=post&utm_campaign=fejs",https://c1.staticflickr.com/7/6196/6032700928_14dd9f65ee_b.jpg
" ❓ ❓ ❓ #ofertapracy #norwegia Kjøttskjærer / Butcher / Rzeznik Drammen ❓ ❓ ❓ Przeczytaj całą ofertę zatrudnienia na portalu: https://oferty-pracy.work/o/norwegia/kjottskjaerer-butcher-rzeznik-drammen-530270?utm_source=PG-EU-05&utm_medium=post&utm_campaign=fejs",https://c6.staticflickr.com/4/3922/14934762885_6ecf32d37a_h.jpg
" ↗ ↗ ↗ #belgia #praca Murarz (renowacje) – Belgia ↗ ↗ ↗ Przeczytaj pełną ofertę na: https://oferty-pracy.work/o/belgia/murarz-renowacje-belgia-528073?utm_source=PG-EU-05&utm_medium=post&utm_campaign=fejs",https://c1.staticflickr.com/7/6128/6032138651_19ff79795e_b.jpg
" ⚠ ⚠ ⚠ #praca #wielkabrytania Cleaning Operative- Sprzataczki Woking ⚠ ⚠ ⚠ Sprawdź całą ofertę pracy na stronie: https://oferty-pracy.work/o/wielka-brytania/cleaning-operative-sprzataczki-woking-530272?utm_source=PG-EU-05&utm_medium=post&utm_campaign=fejs",https://c8.staticflickr.com/8/7427/13997718935_ea3b162833_h.jpg
" ↘ ↘ ↘ #francja #oferta Operator frezarki CNC Lille ↘ ↘ ↘ Przeczytaj pełną ofertę na portalu: https://oferty-pracy.work/o/francja/operator-frezarki-cnc-lille-527561?utm_source=PG-EU-05&utm_medium=post&utm_campaign=fejs",https://c3.staticflickr.com/7/6142/6032746234_47a08b963d_b.jpg
" 3:) 3:) 3:) #oferta #francja Monter izolacji termicznej ciepłochronnej i zimnochronnej / Blacharz - Praca od XI 3:) 3:) 3:) Przeczytaj całą ofertę zatrudnienia na witrynie: https://oferty-pracy.work/o/francja/monter-izolacji-termicznej-cieplochronnej-i-zimnochronnej-blacharz-praca-od-xi-526452?utm_source=PG-EU-05&utm_medium=post&utm_campaign=fejs",https://c1.staticflickr.com/6/5086/5238549192_d0e355f576_b.jpg
" ⭐ ⭐ ⭐ #praca #wielkabrytania Shop Manager Alderney / Channel Island ⭐ ⭐ ⭐ Przeczytaj całą ofertę zatrudnienia na: https://oferty-pracy.work/o/wielka-brytania/shop-manager-alderney-channel-island-526894?utm_source=PG-EU-05&utm_medium=post&utm_campaign=fejs",https://c7.staticflickr.com/2/1164/1302205182_ce337b26f5_b.jpg
" (y) (y) (y) #wielkabrytania #praca Multi Drop Delivery Driver (y) (y) (y) Sprawdź pełną ofertę pracy na stronie: https://oferty-pracy.work/o/wielka-brytania/multi-drop-delivery-driver-528865?utm_source=PG-EU-05&utm_medium=post&utm_campaign=fejs",https://c8.staticflickr.com/9/8403/8706453607_a57759673e_h.jpg
" ;) ;) ;) #praca #wielkabrytania Warehouse Operative ;) ;) ;) Przeczytaj całość oferty pracy na portalu: https://oferty-pracy.work/o/wielka-brytania/warehouse-operative-40-527270?utm_source=PG-EU-05&utm_medium=post&utm_campaign=fejs",https://c1.staticflickr.com/9/8152/7377899512_0b6a5e5585_h.jpg
" 3:) 3:) 3:) #ofertypracy #francja Wykrawacz miesa. Praca we Francji 3:) 3:) 3:) Sprawdź pełną ofertę zatrudnienia na stronie: https://oferty-pracy.work/o/francja/wykrawacz-miesa-praca-we-francji-500398?utm_source=PG-EU-05&utm_medium=post&utm_campaign=fejs",https://c3.staticflickr.com/9/8602/16006364794_c002700129_b.jpg
" ☎ ☎ ☎ #oferta #belgia Operator produkcji (branża spożywcza) ☎ ☎ ☎ Przeczytaj całą ofertę na witrynie: https://oferty-pracy.work/o/belgia/operator-produkcji-branza-spozywcza-17-526435?utm_source=PG-EU-05&utm_medium=post&utm_campaign=fejs",https://c2.staticflickr.com/6/5610/15453917009_9ae3dcfecd_z.jpg
" ✉ ✉ ✉ #wielkabrytania #oferta Tutor ✉ ✉ ✉ Przeczytaj całą ofertę zatrudnienia na witrynie: https://oferty-pracy.work/o/wielka-brytania/tutor-528021?utm_source=PG-EU-05&utm_medium=post&utm_campaign=fejs",https://c8.staticflickr.com/9/8403/8706453607_a57759673e_h.jpg
" ⤵ ⤵ ⤵ #holandia #ofertapracy Praca: pracownik sortowni plastików ⤵ ⤵ ⤵ Zobacz pełną ofertę pracy na stronie: https://oferty-pracy.work/o/holandia/praca-pracownik-sortowni-plastikow-527999?utm_source=PG-EU-05&utm_medium=post&utm_campaign=fejs",https://c1.staticflickr.com/9/8148/7002703410_3e97b29da5_b.jpg
" ☎ ☎ ☎ #wielkabrytania #oferta HR Manager - Italian/Spanish/Portuguese ☎ ☎ ☎ Sprawdź całość oferty pracy na: https://oferty-pracy.work/o/wielka-brytania/hr-manager-italian-spanish-portuguese-529216?utm_source=PG-EU-05&utm_medium=post&utm_campaign=fejs",https://c7.staticflickr.com/1/187/414918350_e617f14b36_b.jpg]
" ⤴ ⤴ ⤴ #ofertapracy #holandia Praca dla par/ rodzeństwa/ koleżeństwa/ znajomych - magazyn- bez języka ⤴ ⤴ ⤴ Sprawdź całą ofertę zatrudnienia na stronie: https://oferty-pracy.work/o/holandia/praca-dla-par-rodzenstwa-kolezenstwa-znajomych-magazyn-bez-jezyka-527737?utm_source=PG-EU-05&utm_medium=post&utm_campaign=fejs",https://c2.staticflickr.com/4/3153/2318193079_3c6f6b7d93_b.jpg
" (y) (y) (y) #praca #holandia ROZŁADUNEK/ załadunek kontenerów BEZ WIEKÓWKI od zaraz (y) (y) (y) Przeczytaj całą ofertę zatrudnienia na: https://oferty-pracy.work/o/holandia/rozladunek-zaladunek-kontenerow-bez-wiekowki-od-zaraz-527750?utm_source=PG-EU-05&utm_medium=post&utm_campaign=fejs",https://c2.staticflickr.com/4/3946/15675463351_6772d55c04_h.jpg
" :D :D :D #ofertapracy #holandia Monter drzwi i okien – Holandia (550€ netto/40h) :D :D :D Zobacz całą ofertę na witrynie: https://oferty-pracy.work/o/holandia/monter-drzwi-i-okien-holandia-550e-netto-40h-526197?utm_source=PG-EU-05&utm_medium=post&utm_campaign=fejs",https://c1.staticflickr.com/5/4002/4568648142_654e89db97_b.jpg
" ✋ ✋ ✋ #praca #belgia OPERATOR MASZYN POLERUJĄCYCH ✋ ✋ ✋ Przeczytaj pełną ofertę zatrudnienia na: https://oferty-pracy.work/o/belgia/operator-maszyn-polerujacych-7-527862?utm_source=PG-EU-05&utm_medium=post&utm_campaign=fejs",https://c1.staticflickr.com/5/4125/5089051595_26bd00f7c0_b.jpg
" ☎ ☎ ☎ #praca #belgia Poszukujemy pracownikow produkcyjnych dla firmy w Pelt! Overpelt ☎ ☎ ☎ Przeczytaj całość oferty na: https://oferty-pracy.work/o/belgia/poszukujemy-pracownikow-produkcyjnych-dla-firmy-w-pelt-overpelt-525761?utm_source=PG-EU-05&utm_medium=post&utm_campaign=fejs",https://c1.staticflickr.com/5/4092/5089041517_c5b9a11103_b.jpg
" ❗ ❗ ❗ #ofertapracy #niemcy Spawacz MIG/MAG/TIG   umowa o pracę   od 2000€ netto miesiąc ❗ ❗ ❗ Sprawdź pełną ofertę na witrynie: https://oferty-pracy.work/o/niemcy/spawacz-mig-mag-tig-umowa-o-prace-od-2000e-netto-miesiac-528366?utm_source=PG-EU-05&utm_medium=post&utm_campaign=fejs",https://c2.staticflickr.com/8/7030/6591638935_7cb2d98dd7_z.jpg
" ✈ ✈ ✈ #holandia #ofertapracy STOLARZ/OBRÓBKA DREWNA - PRACA OD ZARAZ ✈ ✈ ✈ Zobacz całość oferty zatrudnienia na witrynie: https://oferty-pracy.work/o/holandia/stolarz-obrobka-drewna-praca-od-zaraz-527992?utm_source=PG-EU-05&utm_medium=post&utm_campaign=fejs",https://c2.staticflickr.com/8/7090/14003233612_84f655c051_b.jpg
" ❕ ❕ ❕ #ofertapracy #francja Hydraulik / Monter instalacji grzewczych ❕ ❕ ❕ Przeczytaj pełną ofertę pracy na witrynie: https://oferty-pracy.work/o/francja/hydraulik-monter-instalacji-grzewczych-528581?utm_source=PG-EU-05&utm_medium=post&utm_campaign=fejs",https://c5.staticflickr.com/6/5086/5238557764_f2f9987833_b.jpg
" ;) ;) ;) #ofertapracy #niemcy Pracownik produkcji (k/m) bez znajomości języka - MILE WIDZIANE PARY!! Haren ;) ;) ;) Zobacz całość oferty zatrudnienia na portalu: https://oferty-pracy.work/o/niemcy/pracownik-produkcji-k-m-bez-znajomosci-jezyka-mile-widziane-pary-haren-7-527547?utm_source=PG-EU-05&utm_medium=post&utm_campaign=fejs",http://c1.staticflickr.com/1/203/515875246_f3d838a727_z.jpg
" ☝ ☝ ☝ #ofertypracy #francja Pomocnik dekarza Metz ☝ ☝ ☝ Zobacz całą ofertę na portalu: https://oferty-pracy.work/o/francja/pomocnik-dekarza-metz-2-529840?utm_source=PG-EU-05&utm_medium=post&utm_campaign=fejs",https://c3.staticflickr.com/5/4152/5089610330_20505ee77b_b.jpg
" ;) ;) ;) #holandia #praca Etten Leur praca na magazynie z oponami samochodowymi ;) ;) ;) Sprawdź całość oferty pracy na portalu: https://oferty-pracy.work/o/holandia/etten-leur-praca-na-magazynie-z-oponami-samochodowymi-527732?utm_source=PG-EU-05&utm_medium=post&utm_campaign=fejs",https://c2.staticflickr.com/4/3860/14212617880_a10d8acfcd_b.jpg
" (y) (y) (y) #norwegia #ofertapracy Ventilasjonsmontør Trondheim (y) (y) (y) Sprawdź pełną ofertę pracy na witrynie: https://oferty-pracy.work/o/norwegia/ventilasjonsmontor-trondheim-12-526511?utm_source=PG-EU-05&utm_medium=post&utm_campaign=fejs",https://c2.staticflickr.com/4/3827/10625014145_ee2701c544_h.jpg
" (y) (y) (y) #belgia #praca Monter wentylacji (KSA/11/20) (y) (y) (y) Przeczytaj pełną ofertę na: https://oferty-pracy.work/o/belgia/monter-wentylacji-ksa-11-20-4-528613?utm_source=PG-EU-05&utm_medium=post&utm_campaign=fejs",https://c1.staticflickr.com/5/4107/5089064949_21662c437f_b.jpg
" (y) (y) (y) #niemcy #praca Ślusarz / Mechanik - Niemcy +opłacone zakwaterowanie (y) (y) (y) Przeczytaj pełną ofertę pracy na stronie: https://oferty-pracy.work/o/niemcy/slusarz-mechanik-niemcy-oplacone-zakwaterowanie-528499?utm_source=PG-EU-05&utm_medium=post&utm_campaign=fejs",http://c2.staticflickr.com/8/7115/7664343278_bc3f43cb11_b.jpg
" ☝ ☝ ☝ #holandia #ofertapracy Praca przy produkcji sera i dojeniu krow-Dirksland/ Praca u gospodarza. ☝ ☝ ☝ Zobacz całość oferty pracy na: https://oferty-pracy.work/o/holandia/praca-przy-produkcji-sera-i-dojeniu-krow-dirksland-praca-u-gospodarza-527995?utm_source=PG-EU-05&utm_medium=post&utm_campaign=fejs",https://c2.staticflickr.com/4/3860/14212617880_a10d8acfcd_b.jpg
" ✋ ✋ ✋ #norwegia #ofertypracy Elektrikere til onshore prosjekter. Porsgrunn ✋ ✋ ✋ Przeczytaj całość oferty na portalu: https://oferty-pracy.work/o/norwegia/elektrikere-til-onshore-prosjekter-porsgrunn-527205?utm_source=PG-EU-05&utm_medium=post&utm_campaign=fejs",https://c4.staticflickr.com/6/5703/20358607923_8d9ffdb4e0_h.jpg
" ❓ ❓ ❓ #oferta #holandia Praca przy myciu skrzynek w Beuningen NOWA Beuningen ❓ ❓ ❓ Sprawdź pełną ofertę zatrudnienia na stronie: https://oferty-pracy.work/o/holandia/praca-przy-myciu-skrzynek-w-beuningen-nowa-beuningen-527565?utm_source=PG-EU-05&utm_medium=post&utm_campaign=fejs",https://c2.staticflickr.com/4/3632/3498706302_99dbe134cc_z.jpg?zz=1
" ;) ;) ;) #praca #niemcy Pracownik produkcji - Niemcy, 96450 Coburg, praca dla par ;) ;) ;) Zobacz pełną ofertę zatrudnienia na portalu: https://oferty-pracy.work/o/niemcy/pracownik-produkcji-niemcy-96450-coburg-praca-dla-par-527625?utm_source=PG-EU-05&utm_medium=post&utm_campaign=fejs",https://c1.staticflickr.com/1/106/288842723_7eaa0f55de_z.jpg
" 3:) 3:) 3:) #praca #francja Stolarz, monter mebli, 2300-2600 euro, OD ZARAZ! (LP) Bordeaux 3:) 3:) 3:) Sprawdź całość oferty pracy na stronie: https://oferty-pracy.work/o/francja/stolarz-monter-mebli-2300-2600-euro-od-zaraz-lp-bordeaux-528142?utm_source=PG-EU-05&utm_medium=post&utm_campaign=fejs",https://c3.staticflickr.com/9/8602/16006364794_c002700129_b.jpg
